[
  {
    "id": "AK",
    "name": "Alaska",
    "name_short": "AK",
    "grid": {"x": 0, "y": 1},
    "votes": 3,
    "D_Percentage":37.7,
    "D_Votes":93007,
    "R_Percentage":52.9,
    "R_Votes":130415
  },
  {
    "id": "AL",
    "name": "Alabama",
    "name_short": "AL",
    "grid": {"x": 7, "y": 7},
    "votes": 9,
    "D_Percentage":34.6,
    "D_Votes":718084,
    "R_Percentage":62.9,
    "R_Votes":1306925
  },
  {
    "id": "AR",
    "name": "Arkansas",
    "name_short": "AR",
    "grid": {"x": 5, "y": 6},
    "votes": 6,
    "D_Percentage":33.8,
    "D_Votes":378729,
    "R_Percentage":60.6,
    "R_Votes":677904
  },
  {
    "id": "AZ",
    "name": "Arizona",
    "name_short": "AZ",
    "grid": {"x": 2, "y": 6},
    "votes": 11,
    "D_Percentage":45.4,
    "D_Votes":933655,
    "R_Percentage":49.6,
    "R_Votes":1017166
  },
  {
    "id": "CA",
    "name": "California",
    "name_short": "CA",
    "grid": {"x": 1, "y": 5},
    "votes": 55,
    "D_Percentage":61.5,
    "D_Votes":5589936,
    "R_Percentage":33.2,
    "R_Votes":302195
  },
  {
    "id": "CO",
    "name": "Colorado",
    "name_short": "CO",
    "grid": {"x": 3, "y": 5},
    "votes": 9,
    "D_Percentage":47.2,
    "D_Votes":1208095,
    "R_Percentage":44.4,
    "R_Votes":1136354
  },
  {
    "id": "CT",
    "name": "Connecticut",
    "name_short": "CT",
    "grid": {"x": 10, "y": 4},
    "votes": 7,
    "D_Percentage":53.9,
    "D_Votes":823360,
    "R_Percentage":41.7,
    "R_Votes":637919
  },
  {
    "id": "DC",
    "name": "District of Columbia",
    "name_short": "D.C.",
    "grid": {"x": 10, "y": 5},
    "votes": 3,
    "D_Percentage":90.5,
    "D_Votes":260223,
    "R_Percentage":4,
    "R_Votes":11553
  },
  {
    "id": "DE",
    "name": "Delaware",
    "name_short": "DE",
    "grid": {"x": 9, "y": 6},
    "votes": 3,
    "D_Percentage":90.5,
    "D_Votes":260223,
    "R_Percentage":4,
    "R_Votes":11553
  },
  {
    "id": "FL",
    "name": "Florida",
    "name_short": "FL",
    "grid": {"x": 9, "y": 8},
    "votes": 29,
    "D_Percentage":47.8,
    "D_Votes":4485745,
    "R_Percentage":49.1,
    "R_Votes":4605515
  },
  {
    "id": "GA",
    "name": "Georgia",
    "name_short": "GA",
    "grid": {"x": 8, "y": 7},
    "votes": 16,
    "D_Percentage":45.6,
    "D_Votes":1837300,
    "R_Percentage":51.3,
    "R_Votes":2068623
  },
  {
    "id": "HI",
    "name": "Hawaii",
    "name_short": "HI",
    "grid": {"x": 0, "y": 8},
    "votes": 4,
    "D_Percentage":62.3,
    "D_Votes":251853,
    "R_Percentage":30.1,
    "R_Votes":121648
  },
  {
    "id": "IA",
    "name": "Iowa",
    "name_short": "IA",
    "grid": {"x": 5, "y": 4},
    "votes": 6,
    "D_Percentage":42.2,
    "D_Votes":650790,
    "R_Percentage":51.8,
    "R_Votes":798923

  },
  {
    "id": "ID",
    "name": "Idaho",
    "name_short": "ID",
    "grid": {"x": 2, "y": 3},
    "votes": 4,
    "D_Percentage":27.6,
    "D_Votes":189677,
    "R_Percentage":59.2,
    "R_Votes":407199
  },
  {
    "id": "IL",
    "name": "Illinois",
    "name_short": "IL",
    "grid": {"x": 6, "y": 3},
    "votes": 20,
    "D_Percentage":55.40,
    "D_Votes":2977498,
    "R_Percentage":39.4,
    "R_Votes":2118179
  },
  {
    "id": "IN",
    "name": "Indiana",
    "name_short": "IN",
    "grid": {"x": 6, "y": 4},
    "votes": 11,
    "D_Percentage":37.9,
    "D_Votes":1031953,
    "R_Percentage":57.2,
    "R_Votes":1556200
  },
  {
    "id": "KS",
    "name": "Kansas",
    "name_short": "KS",
    "grid": {"x": 4, "y": 6},
    "votes": 6,
    "D_Percentage":36.2,
    "D_Votes":414788,
    "R_Percentage":57.2,
    "R_Votes":65609
  },
  {
    "id": "KY",
    "name": "Kentucky",
    "name_short": "KY",
    "grid": {"x": 6, "y": 5},
    "votes": 8,
    "D_Percentage":32.7,
    "D_Votes":628834,
    "R_Percentage":62.5,
    "R_Votes":1202942
  },
  {
    "id": "LA",
    "name": "Louisiana",
    "name_short": "LA",
    "grid": {"x": 5, "y": 7},
    "votes": 8,
    "D_Percentage":38.4,
    "D_Votes":779535,
    "R_Percentage":58.1,
    "R_Votes":1178004
  },
  {
    "id": "MA",
    "name": "Massachusetts",
    "name_short": "MA",
    "grid": {"x": 11, "y": 3},
    "votes": 11,
    "D_Percentage":60.8,
    "D_Votes":1964768,
    "R_Percentage":33.5,
    "R_Votes":1083069
  },
  {
    "id": "MD",
    "name": "Maryland",
    "name_short": "MD",
    "grid": {"x": 9, "y": 5},
    "votes": 10,
    "D_Percentage":60.5,
    "D_Votes":149951,
    "R_Percentage":35.3,
    "R_Votes":873646
  },
  {
    "id": "ME",
    "name": "Maine",
    "name_short": "ME",
    "grid": {"x": 11, "y": 1},
    "votes": 4,
    "D_Percentage":47.9,
    "D_Votes":354873,
    "R_Percentage":45.2,
    "R_Votes":334838
  },
  {
    "id": "MI",
    "name": "Michigan",
    "name_short": "MI",
    "grid": {"x": 8, "y": 3},
    "votes": 16,
    "D_Percentage":47.3,
    "D_Votes":2267798,
    "R_Percentage":47.6,
    "R_Votes":2279221
  },
  {
    "id": "MN",
    "name": "Minnesota",
    "name_short": "MN",
    "grid": {"x": 5, "y": 3},
    "votes": 10,
    "D_Percentage":46.9,
    "D_Votes":1366676,
    "R_Percentage":45.4,
    "R_Votes":1322891
  },
  {
    "id": "MO",
    "name": "Missouri",
    "name_short": "MO",
    "grid": {"x": 5, "y": 5},
    "votes": 10,
    "D_Percentage":37.8,
    "D_Votes":1054889,
    "R_Percentage":56.9,
    "R_Votes":1585753 

  },
  {
    "id": "MS",
    "name": "Mississippi",
    "name_short": "MS",
    "grid": {"x": 6, "y": 7},
    "votes": 6,
    "D_Percentage":58.3,
    "D_Votes":462001,
    "R_Percentage":58.3,
    "R_Votes":678457
  },
  {
    "id": "MT",
    "name": "Montana",
    "name_short": "MT",
    "grid": {"x": 3, "y": 3},
    "votes": 3,
    "D_Percentage":36,
    "D_Votes":174521,
    "R_Percentage":56.5,
    "R_Votes":274120
  },
  {
    "id": "NC",
    "name": "North Carolina",
    "name_short": "NC",
    "grid": {"x": 7, "y": 6},
    "votes": 15,
    "D_Percentage":46.7,
    "D_Votes":2162074,
    "R_Percentage":50.5,
    "R_Votes":2339603
  },
  {
    "id": "ND",
    "name": "North Dakota",
    "name_short": "ND",
    "grid": {"x": 4, "y": 3},
    "votes": 3,
    "D_Percentage":27.2,
    "D_Votes":93526,
    "R_Percentage":63,
    "R_Votes":216133
  },
  {
    "id": "NE",
    "name": "Nebraska",
    "name_short": "NE",
    "grid": {"x": 4, "y": 5},
    "votes": 5,
    "D_Percentage":34,
    "D_Votes":273858,
    "R_Percentage":60.3,
    "R_Votes":485819
  },
  {
    "id": "NH",
    "name": "New Hampshire",
    "name_short": "NH",
    "grid": {"x": 11, "y": 2},
    "votes": 4,
    "D_Percentage":47.6,
    "D_Votes":348521,
    "R_Percentage":47.3,
    "R_Votes":345789
  },
  {
    "id": "NJ",
    "name": "New Jersey",
    "name_short": "NJ",
    "grid": {"x": 9, "y": 4},
    "votes": 14,
    "D_Percentage":55,
    "D_Votes":2021756,
    "R_Percentage":41.8,
    "R_Votes":1535513
  },
  {
    "id": "NM",
    "name": "New Mexico",
    "name_short": "NM",
    "grid": {"x": 3, "y": 6},
    "votes": 5,
    "D_Percentage":48.3,
    "D_Votes":380724,
    "R_Percentage":40,
    "R_Votes":315875
  },
  {
    "id": "NV",
    "name": "Nevada",
    "name_short": "NV",
    "grid": {"x": 2, "y": 4},
    "votes": 6,
    "D_Percentage":47.9,
    "D_Votes":537753,
    "R_Percentage":45.5,
    "R_Votes":511319
  },
  {
    "id": "NY",
    "name": "New York",
    "name_short": "NY",
    "grid": {"x": 9, "y": 3},
    "votes": 29,
    "D_Percentage":58.8,
    "D_Votes":4143874,
    "R_Percentage":37.5,
    "R_Votes":2640570
  },
  {
    "id": "OH",
    "name": "Ohio",
    "name_short": "OH",
    "grid": {"x": 7, "y": 4},
    "votes": 18,
    "D_Percentage":43.5,
    "D_Votes":2317001,
    "R_Percentage":52.1,
    "R_Votes":2771894
  },
  {
    "id": "OK",
    "name": "Oklahoma",
    "name_short": "OK",
    "grid": {"x": 4, "y": 7},
    "votes": 7,
    "D_Percentage":28.9,
    "D_Votes":4197888,
    "R_Percentage":65.3,
    "R_Votes":947934
  },
  {
    "id": "OR",
    "name": "Oregon",
    "name_short": "OR",
    "grid": {"x": 1, "y": 4},
    "votes": 7,
    "D_Percentage":51.7,
    "D_Votes":934631,
    "R_Percentage":41.1,
    "R_Votes":742506
  },
  {
    "id": "PA",
    "name": "Pennsylvania",
    "name_short": "PA",
    "grid": {"x": 8, "y": 4},
    "votes": 20,
    "D_Percentage":47.6,
    "D_Votes":2844705,
    "R_Percentage":48.8,
    "R_Votes":2912941
  },
  {
    "id": "RI",
    "name": "Rhode Island",
    "name_short": "RI",
    "grid": {"x": 10, "y": 3},
    "votes": 4,
    "D_Percentage":55.4,
    "D_Votes":249902,
    "R_Percentage":39.8,
    "R_Votes":179421
  },
  {
    "id": "SC",
    "name": "South Carolina",
    "name_short": "SC",
    "grid": {"x": 8, "y": 6},
    "votes": 9,
    "D_Percentage":40.8,
    "D_Votes":849469,
    "R_Percentage":54.9,
    "R_Votes":1143611
  },
  {
    "id": "SD",
    "name": "South Dakota",
    "name_short": "SD",
    "grid": {"x": 4, "y": 4},
    "votes": 3,
    "D_Percentage":31.7,
    "D_Votes":117442,
    "R_Percentage":61.5,
    "R_Votes":227701
  },
  {
    "id": "TN",
    "name": "Tennessee",
    "name_short": "TN",
    "grid": {"x": 6, "y": 6},
    "votes": 11,
    "D_Percentage":34.9,
    "D_Votes":867110,
    "R_Percentage":61.1,
    "R_Votes":1517402
  },
  {
    "id": "TX",
    "name": "Texas",
    "name_short": "TX",
    "grid": {"x": 4, "y": 8},
    "votes": 38,
    "D_Percentage":43.3,
    "D_Votes":3867816,
    "R_Percentage":52.4,
    "R_Votes":4681590
  },
  {
    "id": "UT",
    "name": "Utah",
    "name_short": "UT",
    "grid": {"x": 2, "y": 5},
    "votes": 6,
    "D_Percentage":27.8,
    "D_Votes":237241,
    "R_Percentage":46.6,
    "R_Votes":397004
  },
  {
    "id": "VA",
    "name": "Virginia",
    "name_short": "VA",
    "grid": {"x": 8, "y": 5},
    "votes": 13,
    "D_Percentage":49.9,
    "D_Votes":1916845,
    "R_Percentage":45,
    "R_Votes":1731156
  },
  {
    "id": "VT",
    "name": "Vermont",
    "name_short": "VT",
    "grid": {"x": 10, "y": 2},
    "votes": 3,
    "D_Percentage":61.1,
    "D_Votes":178117,
    "R_Percentage":32.6,
    "R_Votes":95050
  },
  {
    "id": "WA",
    "name": "Washington",
    "name_short": "WA",
    "grid": {"x": 1, "y": 3},
    "votes": 12,
    "D_Percentage":54.9,
    "D_Votes":1364934,
    "R_Percentage":38.3,
    "R_Votes":950710
  },
  {
    "id": "WI",
    "name": "Wisconsin",
    "name_short": "WI",
    "grid": {"x": 7, "y": 3},
    "votes": 10,
    "D_Percentage":46.9,
    "D_Votes":1382210,
    "R_Percentage":47.9,
    "R_Votes":1409467
  },
  {
    "id": "WV",
    "name": "West Virginia",
    "name_short": "WV",
    "grid": {"x": 7, "y": 5},
    "votes": 5,
    "D_Percentage":26.5,
    "D_Votes":187457,
    "R_Percentage":68.7,
    "R_Votes":486198
  },
  {
    "id": "WY",
    "name": "Wyoming",
    "name_short": "WY",
    "grid": {"x": 3, "y": 4},
    "votes": 3,
    "D_Percentage":22.5,
    "D_Votes":55969,
    "R_Percentage":70.1,
    "R_Votes":174248
  }
]