{"type":"Topology","objects":{"counties":{"type":"GeometryCollection","bbox":[-373935.7647002694,-604500.660682477,540038.63073466,450021.86855265126],"geometries":[{"type":"Polygon","properties":{"name":"Siskiyou County"},"arcs":[[0,1,2,3,4,5]]},{"type":"Polygon","properties":{"name":"Del Norte County"},"arcs":[[-5,6,7]]},{"type":"Polygon","properties":{"name":"Modoc County"},"arcs":[[8,9,-1,10]]},{"type":"MultiPolygon","properties":{"name":"Humboldt County"},"arcs":[[[11]],[[-4,12,13,14,-7]]]},{"type":"Polygon","properties":{"name":"Trinity County"},"arcs":[[15,16,17,-13,-3]]},{"type":"Polygon","properties":{"name":"Lassen County"},"arcs":[[18,19,20,21,-9]]},{"type":"Polygon","properties":{"name":"Shasta County"},"arcs":[[-10,-22,22,23,-16,-2]]},{"type":"Polygon","properties":{"name":"Tehama County"},"arcs":[[24,25,26,27,-17,-24]]},{"type":"Polygon","properties":{"name":"Plumas County"},"arcs":[[-21,28,29,30,-25,-23]]},{"type":"Polygon","properties":{"name":"Butte County"},"arcs":[[31,32,33,34,-26,-31]]},{"type":"Polygon","properties":{"name":"Mendocino County"},"arcs":[[-18,-28,35,36,37,38,-14]]},{"type":"Polygon","properties":{"name":"Glenn County"},"arcs":[[-35,39,40,-36,-27]]},{"type":"Polygon","properties":{"name":"Sierra County"},"arcs":[[-20,41,42,43,-29]]},{"type":"Polygon","properties":{"name":"Yuba County"},"arcs":[[-44,44,45,46,-32,-30]]},{"type":"Polygon","properties":{"name":"Lake County"},"arcs":[[47,48,49,50,-37,-41]]},{"type":"Polygon","properties":{"name":"Nevada County"},"arcs":[[51,52,-45,-43]]},{"type":"Polygon","properties":{"name":"Colusa County"},"arcs":[[-34,53,54,-48,-40]]},{"type":"Polygon","properties":{"name":"Placer County"},"arcs":[[55,56,57,58,-46,-53]]},{"type":"Polygon","properties":{"name":"Sutter County"},"arcs":[[-47,-59,59,60,-54,-33]]},{"type":"Polygon","properties":{"name":"El Dorado County"},"arcs":[[61,62,63,64,-57]]},{"type":"Polygon","properties":{"name":"Alpine County"},"arcs":[[65,66,67,68,-63,69]]},{"type":"Polygon","properties":{"name":"Yolo County"},"arcs":[[-61,70,71,72,-49,-55]]},{"type":"Polygon","properties":{"name":"Napa County"},"arcs":[[73,74,75,76,77,-50,-73]]},{"type":"Polygon","properties":{"name":"Sonoma County"},"arcs":[[-51,-78,78,79,80,-38]]},{"type":"MultiPolygon","properties":{"name":"Sacramento County"},"arcs":[[[81]],[[82,83,84,85,-71,-60,-58,-65]]]},{"type":"Polygon","properties":{"name":"Mono County"},"arcs":[[86,87,88,89,-66,90]]},{"type":"Polygon","properties":{"name":"Amador County"},"arcs":[[-69,91,92,-83,-64]]},{"type":"MultiPolygon","properties":{"name":"Solano County"},"arcs":[[[93]],[[94]],[[95]],[[96,-76]],[[-86,97,-74,-72]]]},{"type":"Polygon","properties":{"name":"Calaveras County"},"arcs":[[98,99,100,-92,-68]]},{"type":"Polygon","properties":{"name":"Tuolumne County"},"arcs":[[-90,101,102,103,-99,-67]]},{"type":"MultiPolygon","properties":{"name":"Marin County"},"arcs":[[[104]],[[105,-80]]]},{"type":"Polygon","properties":{"name":"San Joaquin County"},"arcs":[[-93,-101,106,107,108,109,-84]]},{"type":"MultiPolygon","properties":{"name":"Contra Costa County"},"arcs":[[[110]],[[111]],[[-109,112,113]]]},{"type":"Polygon","properties":{"name":"Stanislaus County"},"arcs":[[114,115,116,-107,-100,-104]]},{"type":"MultiPolygon","properties":{"name":"Alameda County"},"arcs":[[[117]],[[-108,-117,118,119,-113]]]},{"type":"Polygon","properties":{"name":"Mariposa County"},"arcs":[[120,121,-103]]},{"type":"MultiPolygon","properties":{"name":"San Francisco County"},"arcs":[[[122,123]],[[124]]]},{"type":"Polygon","properties":{"name":"Madera County"},"arcs":[[-89,125,126,-121,-102]]},{"type":"Polygon","properties":{"name":"San Mateo County"},"arcs":[[127,128,129,130,-123]]},{"type":"Polygon","properties":{"name":"Merced County"},"arcs":[[-127,131,132,133,-115,-122]]},{"type":"Polygon","properties":{"name":"Fresno County"},"arcs":[[134,135,136,137,138,-132,-126,-88]]},{"type":"Polygon","properties":{"name":"Santa Clara County"},"arcs":[[-116,-134,139,140,-129,141,-119]]},{"type":"Polygon","properties":{"name":"Inyo County"},"arcs":[[142,143,144,145,-135,-87]]},{"type":"Polygon","properties":{"name":"Santa Cruz County"},"arcs":[[146,147,148,-130,-141]]},{"type":"Polygon","properties":{"name":"San Benito County"},"arcs":[[-133,-139,149,-147,-140]]},{"type":"Polygon","properties":{"name":"Monterey County"},"arcs":[[-150,-138,150,151,152,-148]]},{"type":"Polygon","properties":{"name":"Tulare County"},"arcs":[[153,154,-136,-146]]},{"type":"Polygon","properties":{"name":"Kings County"},"arcs":[[155,156,-151,-137,-155]]},{"type":"Polygon","properties":{"name":"San Bernardino County"},"arcs":[[157,158,159,160,-144,161]]},{"type":"Polygon","properties":{"name":"San Luis Obispo County"},"arcs":[[-157,162,163,164,-152]]},{"type":"Polygon","properties":{"name":"Kern County"},"arcs":[[-161,165,166,167,-163,-156,-154,-145]]},{"type":"MultiPolygon","properties":{"name":"Santa Barbara County"},"arcs":[[[168]],[[169]],[[170]],[[171]],[[-168,172,173,-164]]]},{"type":"MultiPolygon","properties":{"name":"Ventura County"},"arcs":[[[174]],[[175]],[[176,-173,-167,177]]]},{"type":"MultiPolygon","properties":{"name":"Los Angeles County"},"arcs":[[[178]],[[179]],[[180]],[[181]],[[-160,182,183,-178,-166]]]},{"type":"Polygon","properties":{"name":"Riverside County"},"arcs":[[184,185,186,-158,187]]},{"type":"MultiPolygon","properties":{"name":"Orange County"},"arcs":[[[-159,-187,188,189,-183]]]},{"type":"MultiPolygon","properties":{"name":"San Diego County"},"arcs":[[[190]],[[191,192,-189,-186]]]},{"type":"Polygon","properties":{"name":"Imperial County"},"arcs":[[-192,-185,193]]}]}},"arcs":[[[2776,9933],[-1,-50],[-9,0],[-1,-72],[-1,-110],[7,0],[-5,-194],[0,-64],[-1,-56],[0,-51],[1,-18],[-1,-54],[0,-59],[-1,-14],[-2,-114]],[[2762,9077],[-52,0],[-51,2],[-67,0],[-3,1],[-66,0],[-77,2],[-55,0],[-61,2],[-58,1],[-61,0],[-4,1],[-49,0],[-40,3],[-41,0],[-82,3],[-91,-1],[-52,2],[-57,1]],[[1795,9094],[5,10],[-26,23],[11,14],[-6,10],[9,10],[-4,11],[2,14],[-1,9],[3,10],[12,8],[-2,14],[19,11],[-22,16],[0,9],[-14,1],[-14,-3],[-6,14],[-17,13],[-9,2],[-13,-9],[-2,-10],[5,-14],[-7,-10],[-7,-2],[-10,5],[-25,2],[-12,-8],[1,-19],[-8,-16],[-9,3],[-17,-14],[-7,3],[-22,-7],[-12,-13],[0,-13],[-7,-5],[-22,-2],[-19,-11],[-4,-13],[-14,-7],[-7,-8],[-9,0],[-13,7],[-16,-9],[-25,6],[-14,0],[-15,-8],[-12,-10],[-8,0],[-11,-10],[-15,9],[-9,-5],[6,-13],[3,-19],[-13,-12],[4,-17],[-13,-11],[4,-9],[-2,-16],[6,-9],[21,-11],[13,2],[14,-28],[3,-10],[8,-8],[-6,-16],[-10,-5],[-5,-15],[-19,-2],[-6,4],[-6,12],[-8,5],[-16,3],[-23,-1],[-18,-8],[-13,1],[-5,10],[-2,22],[-17,18],[-13,7],[-16,2],[-12,17],[-27,5],[-12,-4],[-10,4],[-14,-3],[-5,3],[-17,-6],[-34,5],[-17,21],[-2,14],[-11,16],[-7,4],[-11,15],[-27,4],[-7,12],[-19,9],[-25,-12],[-9,10],[-5,15],[-10,6]],[[960,9113],[-7,19],[-10,7],[-5,9],[1,11],[-20,15],[12,13],[-1,27],[-14,8],[6,11],[-9,29],[-12,12],[1,13],[-2,11],[7,11],[-13,15],[-9,5],[-53,1],[-63,3],[-31,0]],[[738,9333],[4,14],[15,5],[0,15],[-5,5],[4,6],[19,7],[11,30],[-13,6],[-10,17],[4,4],[-6,24],[0,14],[-9,18],[-17,6],[-12,1],[-6,14],[11,14],[-6,11],[5,4],[-2,10],[-12,-4],[-2,5],[-12,-4],[-5,5],[9,19],[14,14],[0,6],[15,0],[-4,10],[-3,25],[3,7],[18,18],[0,16],[8,7],[-4,19],[-11,7],[-4,15],[-1,33],[8,1],[4,12],[-14,7],[-4,14],[-7,4],[0,10],[18,8],[10,-2],[9,21],[11,4],[0,20],[11,12],[15,-3],[8,-8],[6,0],[10,12],[3,12],[27,-2],[11,10],[1,17],[14,21],[5,5],[-2,24],[-2,10],[19,8],[1,6]],[[896,9979],[16,-1],[60,0],[53,-5],[83,0],[55,1],[53,2],[18,2],[86,-9],[51,-1],[75,-3],[112,-1],[48,-2],[58,0],[10,-1],[100,0],[53,1],[56,-2],[62,0],[84,-4],[45,-1],[53,0],[7,-1],[124,-6],[109,-2],[45,-2],[25,0],[58,-3],[80,-2],[95,-4],[106,-2]],[[738,9333],[-101,3],[4,89],[-44,1],[-119,4],[-106,3]],[[372,9433],[-7,36],[-5,12],[-1,18],[2,20],[3,-7],[14,5],[5,-2],[11,-20],[-5,18],[-11,6],[-14,1],[-10,6],[-10,17],[5,18],[-5,7],[3,11],[-13,15],[-2,25],[-13,18],[-4,17],[-2,43],[-12,24],[-9,8],[-13,3],[-9,6],[-5,-7],[-20,13],[-4,7],[-27,21],[17,21],[14,26],[13,42],[9,35],[3,40],[4,-13],[3,5],[-1,12],[-11,8],[6,22],[0,17],[-4,12],[30,-2],[89,-4],[31,-2],[126,-5],[47,-1],[36,-3],[80,0],[63,-5],[28,4],[37,-1],[55,0],[7,-1]],[[4091,9069],[-308,0],[-38,1],[-175,0],[-24,1],[-68,0],[-45,1],[-236,2],[-31,-1],[-20,1],[-79,0],[-10,1],[-78,0],[-16,1],[-95,0]],[[2868,9076],[-31,1],[-75,0]],[[2776,9933],[71,-2],[108,0],[46,-2],[41,0],[53,-3],[56,-2],[204,0],[27,-1],[72,0],[49,-2],[70,0],[20,1],[55,-1],[101,0],[35,-1],[84,0],[3,1],[114,0],[22,1],[85,0],[0,-98],[-1,-249],[0,-506]],[[252,8757],[1,-3],[-14,-7],[-5,2],[11,10],[7,-2]],[[960,9113],[-2,-9],[-22,-9],[4,-9],[-1,-37],[-15,-30],[-19,6],[5,-9],[-5,-9],[5,-10],[11,-7],[14,1],[6,-5],[-1,-15],[3,-10],[12,-6],[-3,-9],[3,-9],[-14,-2],[-5,-6],[-1,-17],[-9,-6],[0,-9],[-15,-8],[6,-10],[-5,-14],[-17,-4],[-11,-11],[-4,-13],[-13,1],[-14,6],[-9,10],[-18,4],[1,7],[-18,11],[-8,-5],[2,-6],[-22,-12],[-7,4],[-22,-1],[7,-7],[0,-13],[8,-8],[-4,-9],[10,-11],[-5,-6],[11,-13],[8,0],[-8,-7],[12,-2],[1,-15],[10,-3],[-4,-7],[6,-5],[-8,-6],[5,-13],[6,-4],[1,-14],[-11,2],[1,-10],[14,-15],[-5,-4],[2,-22],[8,-19],[-14,-282],[-10,-178],[0,-38],[-1,-56],[-2,-26],[-3,-63],[-6,-124]],[[781,7878],[-105,3],[-38,2],[-27,0],[-17,2],[-90,3],[-44,0],[-126,5]],[[334,7893],[-11,13],[-17,11],[-17,0],[-5,8],[2,35],[-7,17],[-20,26],[-18,11],[-40,14],[-13,7],[-17,25],[-10,10],[-19,16],[-20,10],[-13,12],[-16,10],[-25,24],[-5,10],[-22,14],[-8,11],[0,17],[9,19],[2,11],[6,10],[-5,20],[-9,16],[2,21],[-4,16],[-6,13],[-15,14],[-8,14],[0,13],[-5,6],[17,34],[11,28],[-5,7],[28,50],[15,32],[33,59],[-2,-9],[8,-10],[9,-2],[-5,8],[13,4],[-13,6],[-6,7],[34,53],[18,23],[23,38],[7,-9],[-7,-4],[-23,-26],[-5,-14],[-7,-6],[33,-10],[9,-8],[2,17],[9,5],[-8,19],[7,13],[-6,5],[13,2],[10,9],[-4,21],[5,-12],[4,20],[12,22],[11,5],[18,4],[12,-10],[5,1],[-11,10],[13,-7],[15,8],[12,3],[12,7],[5,8],[0,18],[-6,0],[-6,12],[-16,-6],[-12,6],[-6,7],[-10,0],[-1,9],[11,4],[7,21],[-6,-3],[-7,-18],[-6,-2],[-1,-17],[-16,-17],[-5,-17],[-14,-13],[-15,-32],[-20,-18],[-3,-6],[-8,8],[18,22],[36,56],[15,24],[21,48],[18,51],[13,42],[4,27],[-12,23],[-17,11],[-7,-5],[4,10],[-7,6],[3,23],[-7,13],[5,14],[-4,14],[5,15],[12,-1],[4,4],[36,86],[9,38],[9,26],[-1,5],[21,75],[12,59],[2,17],[-1,26]],[[1795,9094],[6,-8],[16,1],[8,-10],[10,0],[7,-9],[-3,-13],[3,-14],[-3,-16],[-10,-23],[-9,1],[-17,-10],[-17,-1],[-8,3],[-14,-12],[-10,-4],[3,-9],[7,0],[5,-8],[-5,-12],[0,-33],[-10,-12],[-17,1],[-7,-15],[-17,-6],[-5,3],[-5,-9],[-7,-1],[-2,-10],[-6,-10],[4,-15],[-10,-21],[11,-23],[-9,-17],[-14,-4],[-2,-14],[-8,-5],[-8,-18],[-10,-2],[-11,-20],[7,-14],[-4,-9],[1,-13],[-11,-17],[-28,-14],[-6,-9],[-10,-3],[-3,-7],[12,-14],[-7,-18],[-5,-2],[-4,-13],[-5,-3],[-14,3],[-8,-11],[8,-8],[0,-8],[7,-7],[6,-15],[-8,-14],[16,-1],[8,-5],[-3,-17],[5,-4],[5,-26],[7,-5],[-7,-12],[-15,2],[-7,5],[-17,-11],[-2,-9],[-20,0],[-14,-9],[-6,-9],[1,-10],[-10,-5],[2,-10],[-7,-3],[-19,0],[-7,-4],[-17,-1],[-1,-11],[-9,-13],[-19,-2],[-7,-5],[-13,-25],[-7,-6],[-12,5],[-13,-4],[-10,-19],[-14,-6],[-4,5],[-12,-6],[-24,-1],[1,-23],[-21,-13],[0,-12],[-12,-8],[-7,-1],[-8,-17],[-16,-1],[-4,-16],[5,-17],[-6,-3],[1,-26]],[[1240,8164],[5,-12],[13,-12],[24,-2],[15,-11],[16,-5],[8,-10],[0,-8],[-5,-13],[2,-14],[7,-9],[0,-12],[-14,-15],[-4,-26],[17,-10],[-4,-8],[1,-15],[7,-13],[0,-12],[-9,-15],[14,-17],[5,-11],[-3,-12],[3,-10],[-6,-16],[5,-2],[-2,-16],[13,-9],[2,-13]],[[1350,7836],[-95,1],[-43,2],[-175,4],[-127,6],[-130,3],[1,26]],[[4091,9069],[2,-603],[0,-539],[-1,-105],[0,-101],[-3,-191]],[[4089,7530],[-13,0],[0,-15],[-65,0],[-38,1],[-20,-2]],[[3953,7514],[1,31],[17,-1],[0,16],[7,0],[0,15],[9,1],[0,17],[3,11],[0,92],[7,0],[0,32],[-8,0],[0,31],[-16,0],[0,8],[-10,0],[0,7],[-8,0],[0,9],[-8,6],[-9,0],[0,16],[-9,0],[0,15],[-8,0],[0,16],[-18,1],[0,30],[-10,1],[3,13],[-1,32],[-34,0],[0,23],[-19,0],[0,8],[-69,0],[0,8],[-18,0],[0,7],[-18,0],[1,12],[-18,0],[0,7],[-9,0],[0,16],[-9,0],[1,7],[-19,1],[0,7],[-9,0],[2,15],[-9,0],[0,16],[-27,0],[0,15],[-8,0],[0,15],[-17,0],[0,16],[-19,0],[0,7],[-17,0],[0,8],[-26,1],[0,22],[-42,1],[0,8],[-19,0],[1,7],[-9,1],[0,7],[-70,1],[0,7],[-36,2],[0,-8],[-7,0],[-1,-8],[-21,0],[0,-25],[-17,1],[0,-8],[-19,0],[0,-15],[-8,0],[0,-8],[-9,0],[0,-7],[-17,0],[-1,-44],[-17,0],[-2,-8],[-34,0],[1,15],[-18,1],[1,15],[-53,0],[0,15],[-35,0],[0,23],[-19,0],[2,62],[0,70],[1,68],[-17,1],[-114,0],[-46,1],[-71,0]],[[2858,8299],[2,48],[4,7],[1,71],[3,128],[2,91],[1,3],[0,66],[0,52],[3,18],[-13,0],[3,17],[0,53],[2,61],[0,92],[1,5],[0,60],[1,5]],[[2858,8299],[-17,5],[-17,-4],[-34,1],[-89,0]],[[2701,8301],[-63,1],[-12,-3],[-5,-9],[-16,-2],[-8,7],[-20,0],[-12,-3],[-10,7],[-26,12],[-12,-4],[-20,1],[-15,-14],[-28,1],[-22,8],[-18,2],[-6,-4],[-20,-4],[-14,6],[-28,-7],[-20,-15],[-14,5],[-9,-7],[-11,-3],[-13,4],[-22,3],[-17,5],[-16,1],[-3,-6],[-7,3],[-18,-6],[-11,3],[-24,-8],[-19,3],[-28,-11],[-2,-6],[-19,0],[-12,-5],[-11,0],[-13,-6],[14,-8],[-8,0],[-9,14],[-7,-15],[-24,12],[-5,-3],[-19,2],[-4,-9],[-26,-3],[-11,5],[-12,-9],[-10,4],[-17,0],[-3,-4],[-22,4],[-28,-1],[-15,2],[-5,6],[-26,-6],[-6,5],[-11,-3],[-8,10],[-11,-4],[-17,4],[-3,6],[-15,0],[-12,-10],[-15,-4],[-14,-10],[-14,3],[-5,-8],[-15,-6],[-9,-8],[-14,1],[4,-7],[-12,-2],[0,-5],[-12,0],[-3,-5],[-38,12],[-17,10],[-22,0],[3,11],[-10,8],[-13,-5],[-6,3],[-25,-7],[-19,0],[-3,-4],[-16,-1],[-20,-6],[-24,5],[-25,-27],[-2,-6],[-15,-10],[-14,8],[-15,-3],[-31,4],[-8,-4],[-30,-5],[-15,-13],[-12,-5],[-11,1]],[[2701,8301],[0,-12],[19,-8],[-7,-26],[0,-17],[8,-13],[-6,-13],[10,-12],[29,-3],[8,3],[19,-9],[18,-4],[8,2],[12,-9],[1,-10],[10,-3],[13,-11],[-16,-13],[-7,4],[-10,-3],[7,-11],[6,0],[4,-11],[7,-3],[0,-13],[-15,-17],[-2,-10],[6,-11],[-6,-14],[-17,-3],[-21,-19],[-6,4],[-22,1],[-6,-5],[7,-8],[-7,-7],[2,-15],[-2,-12]],[[2745,7990],[0,-23],[-10,0],[0,-8],[-27,1],[0,-8],[-8,0],[1,-8],[-10,0],[0,-6],[-78,0],[-1,-7],[-10,1],[0,-42],[-13,0],[0,-9],[-8,0],[0,-6],[-8,1],[-1,-16],[-8,0],[-1,-29],[-9,0],[0,-15],[-54,2],[-4,-8],[-17,-9],[-3,-11],[-7,-3],[-10,-16],[-5,-26],[1,-7],[-16,-10],[-9,-9],[-29,1],[4,-5],[-66,0],[-10,-2],[-54,2],[-37,0],[-56,2],[-5,-11],[-11,-12],[0,-9],[-13,-12],[13,-14],[-7,-18],[16,-14]],[[2175,7627],[-29,0],[-51,0],[-27,4],[-36,0],[-60,2],[-84,2],[-73,2],[-51,0],[-41,2],[-83,1],[-70,3],[-55,1],[-5,1],[-71,1],[-11,1],[-87,0]],[[1341,7647],[-6,5],[-2,30],[-12,12],[10,27],[-3,5],[7,20],[-2,16],[27,8],[2,15],[8,2],[-13,17],[2,12],[-4,14],[-5,6]],[[3953,7514],[-17,1],[-166,0],[-32,-1],[-85,0],[0,-2],[-58,1],[-117,1],[-7,-20],[-18,-10],[-14,16],[-9,0],[-10,15],[-18,2],[-16,11],[-17,-2],[-12,-7],[-9,2],[-3,7],[-14,2],[-3,27],[-10,-3],[-15,5],[-4,9],[-9,4],[-4,10],[-13,7],[-20,-15],[-17,-4],[-21,-19],[0,-37],[-8,-22],[-9,-8],[2,-3],[-15,-9],[-12,-16],[-22,-10],[-7,-2]],[[3144,7444],[-11,-4],[-52,-36]],[[3081,7404],[-3,6],[-9,0],[0,11],[-7,0],[0,9],[-18,1],[0,5],[-21,1],[1,30],[-16,0],[-7,8],[0,7],[-7,0],[-1,19],[-17,4],[0,9],[-17,0],[-3,26],[-16,1],[-1,13],[-20,1],[0,15],[-17,0],[2,17],[-17,0],[1,13],[-10,8],[-11,0],[0,9],[-9,0],[0,16],[-12,0],[-2,14],[-15,1],[-2,15],[-8,1],[0,15],[-20,1],[-3,7],[-13,0],[0,7],[-10,2],[0,30],[-18,0],[1,16],[17,0],[1,15],[-9,0],[1,30],[8,0],[1,31],[-10,0],[0,29],[9,0],[1,15],[8,0],[0,23],[22,0],[0,19],[12,-2],[0,19],[-10,0],[0,23],[-9,-2],[0,9],[-17,0],[1,37],[-37,2]],[[3081,7404],[-2,-12],[-27,-1],[0,-18],[-10,-5],[-21,1],[0,-9],[-10,0],[0,-29],[-8,-1],[-2,-8],[-24,1],[-7,8],[-45,0],[-1,-15],[-32,0],[0,7],[-27,1],[0,-22],[-9,-11],[0,-13],[-8,0],[0,-7],[-14,-3],[0,-9],[-10,-6],[0,-7],[5,-16],[5,-6],[-15,-9],[-12,-14],[3,-2],[-7,-24],[-5,-12],[-26,-17],[-7,-11],[-8,1],[-10,-7],[-6,4],[-10,-6],[-14,4],[-6,-4],[-10,2],[-10,-7],[0,-10],[-11,-2],[-33,4],[-18,-11],[-13,-2],[-10,5],[-19,-2],[-7,10],[-8,2],[-12,-25]],[[2560,7091],[-9,8],[4,4],[-116,0],[-17,-1],[-130,4]],[[2292,7106],[3,18],[6,14],[5,3],[-4,20],[14,17],[-5,10]],[[2311,7188],[0,8],[15,40],[3,21],[-3,12],[6,3],[-3,16],[3,7],[-9,16],[3,13],[24,26],[-80,1],[-34,-8],[-19,5],[-8,27],[11,2],[-9,9],[-1,7],[7,5],[-1,20],[5,9],[12,6],[-12,16],[7,16],[17,4],[-7,15],[-12,-3],[-7,3],[2,9],[10,-1],[13,7],[9,0],[2,10],[12,4],[3,10],[-8,19],[5,7],[-6,7],[-3,-11],[-7,-4],[-4,4],[7,16],[-4,5],[-6,-9],[-13,3],[-15,21],[-16,8],[-13,17],[8,13],[-5,10],[-10,-7],[-5,5]],[[1341,7647],[-1,-51],[22,-1],[0,-40],[19,-1],[-2,-72],[-1,-64]],[[1378,7418],[-2,-54],[-45,2],[0,-15],[-81,4],[-2,-8],[-19,0],[0,-8],[-17,0],[-3,-54],[-9,1],[2,-16],[-4,0],[-3,-30],[19,-2],[-2,-29],[10,0],[-3,-17],[10,0],[0,-28],[7,-1],[0,-15],[9,0],[-1,-47],[14,0],[-1,-22],[8,-1],[0,-21],[-17,0],[-2,-15],[-6,0],[0,-8],[-9,-6],[-5,-16],[-7,0],[0,-13],[-5,-6],[-32,1],[-1,-38],[-8,1],[3,-47],[-10,0],[0,-23],[9,-1],[0,-7],[17,0],[0,-15],[7,-1],[1,-31],[10,0],[-1,-8],[8,0],[0,-8],[9,0],[0,-11],[37,0],[0,-15],[10,0],[-3,-39],[10,0],[-1,-15],[7,0],[-1,-8],[12,-1],[0,-25],[36,0],[0,-6],[15,0],[0,-15],[17,-1],[0,-8],[17,0],[-1,-8],[18,0],[0,-10],[18,-1],[1,-8]],[[1418,6645],[-46,1],[-35,2],[-31,0],[-41,3],[-27,0],[-11,2],[-57,1],[-1,-14],[-56,2],[0,-32],[-107,3],[-113,0],[-4,-30],[-57,1],[-63,5],[-17,-11],[-6,-10],[-9,11]],[[737,6579],[-43,38],[-5,-2],[-12,8],[-6,13],[-17,11],[-21,17],[-13,29],[-17,10],[-8,13],[-13,9],[-8,15],[-14,3],[1,17],[-11,20],[8,2],[22,26],[12,25],[10,27],[-5,11],[2,18],[-5,7],[-9,35],[0,7],[-8,20],[0,12],[-9,8],[-6,-2],[-1,13],[4,6],[-16,19],[-6,16],[-12,6],[-3,18],[6,3],[-7,9],[7,2],[-10,6],[5,9],[-10,15],[3,5],[-7,16],[-10,5],[0,12],[7,3],[2,9],[-15,6],[10,10],[-22,32],[3,15],[5,0],[-7,9],[7,9],[-2,30],[10,12],[-4,5],[8,8],[-7,1],[-2,8],[14,35],[4,15],[18,23],[11,26],[8,27],[-17,35],[-2,13],[6,9],[-2,26],[2,22],[-6,11],[0,16],[-12,28],[-18,12],[0,13],[-5,4],[1,9],[-5,7],[3,24],[-1,17],[-10,43],[-28,16],[-23,19],[-18,48],[-25,20],[-5,14],[-16,27],[-13,10],[-9,14],[-16,17]],[[2311,7188],[-108,2],[1,31],[-72,3],[-54,1],[0,-31],[-21,2],[-337,6],[-32,0],[-29,2],[-100,0],[-47,1]],[[1512,7205],[12,143],[-4,14],[2,52],[-144,4]],[[4089,7530],[0,-53],[0,-50],[-2,-186]],[[4087,7241],[-473,0],[-3,8],[-11,2],[-11,6],[-2,21],[-12,13],[-2,10],[-10,13],[-9,4],[-17,4],[-32,-2],[-7,3],[-27,1],[-14,-6],[-13,-14],[-12,-5],[-5,-8],[-11,-4],[4,-9],[-18,-12],[-10,-3],[0,-8],[-10,-2],[-15,-8],[-9,1],[-13,-10],[-17,-6],[-17,0],[-8,6],[-9,-6],[-14,-1],[-3,-4],[-19,0],[-7,-6],[-19,2],[-1,-6],[-17,-4],[-12,4],[-12,-4],[-22,2],[0,-6],[-11,2],[-14,-10],[0,-5],[-13,-6]],[[3130,7188],[-8,107],[-2,21],[-11,-2],[-13,23],[14,15],[19,10],[15,82]],[[3130,7188],[-4,-5],[-6,7],[-10,-8],[-7,8],[-36,-2],[-1,-7],[-7,1],[-8,-7],[-21,-2],[-10,-16],[-9,-9],[3,-5],[-10,0],[-3,-16],[-8,4],[-16,0],[-3,-8],[-11,-1],[-10,-14],[6,-14],[-16,-12],[-3,-9],[-22,1],[-23,-12],[7,-19],[-10,-3],[2,-12],[-11,-14],[0,-53],[-1,-6],[0,-51],[-1,-6],[0,-63],[-1,-23]],[[2880,6812],[-12,4],[-1,7],[-11,9],[-24,-10],[-9,-8],[-18,-5],[-7,1],[-10,-11],[-33,-25],[-3,0]],[[2752,6774],[-24,-5],[-17,7],[-14,-6],[-18,-2],[-2,-7],[-20,-4],[-17,-8],[-12,1],[0,-8],[-9,-14],[-7,-1],[-10,-11],[-6,-21],[-4,6],[2,38],[-6,12],[-1,21],[9,13],[-5,5],[-14,1],[5,14],[-8,6],[-6,10],[0,20],[12,19],[11,13],[-2,14],[-12,-2],[-2,15],[5,8],[-2,13],[-5,7],[1,10],[-9,19],[5,6],[-7,10],[5,7],[-10,6],[-4,11],[13,8],[-2,17],[-9,-2],[-1,8],[-7,5],[0,22],[8,-2],[5,5],[-10,6],[10,4],[-5,7],[-3,12],[7,4]],[[1512,7205],[-43,1],[14,-12],[5,6],[20,-12],[1,-8],[-12,-14],[-12,-5],[1,-7],[-11,-21],[13,-21],[7,-12],[14,-11],[11,-2],[13,-17],[18,-9],[17,-24],[15,-13],[7,0],[14,9],[10,1],[16,-10],[23,-3],[11,-9],[30,3],[9,4],[13,-3],[0,-13],[7,-7],[7,1],[7,-17],[15,-2],[-5,-13],[5,-17],[-5,-6],[-15,2],[1,-6],[-5,-17],[12,-35],[-5,-11],[5,-10],[-7,-7],[2,-7],[24,-5],[-2,-5],[10,-6],[17,-17],[23,-4],[3,-12],[-9,-19],[2,-11],[7,-8],[-2,-9],[14,-8],[29,-22],[22,-12]],[[1873,6713],[-61,2],[-15,-21],[13,-27],[14,-13],[-4,-4]],[[1820,6650],[-8,-8],[10,-17],[14,-15],[1,-16],[-5,-9],[-17,3],[-12,-19],[5,-14],[-10,-4],[-48,-67],[-52,-11],[-45,-11],[-61,-14]],[[1592,6448],[3,7],[-13,16],[1,6],[-8,13],[-24,0],[-18,5],[-8,20],[-10,3],[0,20],[-7,3],[-17,30],[-8,5],[0,15],[-17,14],[-5,9],[-17,9],[-7,10],[-10,-2],[-9,8],[0,6]],[[4087,7241],[-3,-139]],[[4084,7102],[-587,0],[-16,1],[-10,-8],[-14,2],[-27,-10],[-10,-8],[-15,-4],[-19,-14],[-9,-12],[-41,-29],[-16,-6],[-23,-16],[-12,-4],[-5,-14],[-12,-19],[-25,-3],[-11,-7],[0,-7],[-10,0],[-27,-21],[-1,-6],[-23,-19],[-7,-9],[-7,1],[-1,-28],[-7,-4],[0,-13],[-6,-1],[-6,-16],[-11,-6],[-1,-8],[-9,-2],[0,-9],[-7,-13],[-28,-12],[-13,3],[-9,8],[-12,-3],[-12,7],[-19,21],[-13,-5],[-3,-7],[-33,-14],[-8,3],[-23,-4],[-8,12],[-16,0],[-3,6],[-14,1],[-15,6]],[[2292,7106],[-13,-17],[0,-7],[-19,-20],[-7,-24],[17,-42],[-8,-7],[2,-5],[-10,-10],[6,-6],[4,-13],[14,-9],[0,-12],[-20,0],[4,-13],[10,-2],[3,-6],[9,2],[1,-13],[6,2],[-2,-10],[10,-9],[0,-18],[5,-4],[25,-9],[13,4],[10,-8],[-3,-13],[3,-7],[14,-16],[1,-10],[-5,-9],[29,-15],[-7,-10],[-17,0],[0,-11],[-13,-8],[1,-11],[-8,-4],[9,-20],[-4,-12]],[[2352,6704],[-111,3],[-44,0],[-41,2],[-58,0],[-17,1],[-52,0],[-6,1],[-56,0],[-39,1],[-52,0],[-3,1]],[[4084,7102],[5,-263]],[[4089,6839],[-133,0],[0,-6],[-12,0],[0,-15],[-8,0],[0,-9],[-17,1],[0,-7],[-54,0],[-1,-10],[-17,2],[-12,-2],[-139,4],[-19,2],[-7,-11],[-9,-24],[2,-9],[-26,-28],[-6,0],[-7,-16],[-10,-3],[-8,-11],[-13,1],[-8,-6],[-12,1],[0,-5],[-10,-8],[-12,-1],[-16,10],[0,9],[-7,5],[-11,-2],[-5,9],[-19,4],[-5,-3],[-15,5],[-29,22],[2,9],[-3,12],[-20,-8],[-17,12],[-5,11],[-7,-2],[-26,9],[-33,-14],[-4,5],[-11,-2],[-16,-13],[-3,-15],[-15,5],[-6,-7],[4,-11],[-7,-8],[-4,3],[-30,4],[-5,-5],[-13,2],[-10,7],[-10,3],[-3,-7],[0,-23],[-19,3],[-6,-6],[-26,-6],[-7,-9],[-35,-1],[-6,-10],[-11,-9],[9,-8],[-16,-8],[7,-18],[-8,-7],[4,-10],[-3,-6],[-13,-2],[-13,-10],[5,-11],[-2,-7],[-17,-1],[4,-12],[-5,-19],[-16,-21],[2,-8],[-12,-26],[-4,-2],[-1,-20],[-10,0]],[[3003,6471],[-91,8],[-47,3],[-25,3],[-78,6],[-82,8]],[[2680,6499],[1,17],[13,0],[2,65],[2,49],[0,63],[2,7],[51,0],[1,74]],[[2680,6499],[-23,2],[-89,0]],[[2568,6501],[10,24],[-7,19],[-23,10],[-9,-19],[-18,-3],[-11,4],[6,-14],[-10,-2],[-2,-10],[-7,8],[8,8],[-22,11],[7,11],[-5,5],[-6,19],[-20,1],[-5,15],[2,10],[-7,9],[5,16],[-3,10],[-16,7],[-3,6],[-10,-2],[-22,-12],[-4,8],[-15,0],[-1,7],[-10,6],[-1,9],[8,3],[4,14],[10,-1],[2,6],[-19,2],[5,8],[-22,4],[-5,6]],[[4089,6839],[0,-70],[93,-71]],[[4182,6698],[7,-13],[9,-3],[7,-19],[-4,-4],[4,-10],[-6,-9],[8,-5],[-5,-11],[-23,-10],[-1,-18],[-14,-7],[2,-8],[-21,-22],[3,-7],[-9,-14],[-14,-5],[-103,-78]],[[4022,6455],[-5,7],[-20,0],[0,-5],[-12,2],[-12,-17],[7,-10],[-7,-14],[-10,-12],[2,-8],[-9,-11],[-14,-4],[-22,-1],[-15,-3],[-7,-6],[-12,5],[-4,-10],[-3,-23],[-8,-10],[-19,-5],[-13,-12],[-1,-10],[-20,-7],[-10,0],[-5,-7],[-15,-6],[-18,2],[-8,-4],[-12,6],[-17,-2],[-8,-7],[-12,1],[-12,-7],[-22,-6],[-16,2],[-8,-5],[-27,-3],[-24,-10],[-24,-2],[-21,2],[-20,-8],[-48,0],[-27,10],[-8,5],[-10,0],[-6,10],[-34,16],[-3,6],[-24,1],[-14,7],[-22,-4],[-8,7],[-28,3],[-13,-9],[-4,5],[-14,-7],[-7,-7],[0,-8],[-10,3],[0,5],[-10,-8],[3,-6],[-9,-5],[-11,7],[-10,-11],[-10,-1],[-5,-5],[-10,14],[-7,-5],[-24,-2],[-6,-6],[-16,-2],[-11,7],[-4,-6],[-16,-6]],[[3113,6255],[-25,69],[-60,150],[-14,-10],[-11,7]],[[4489,6464],[0,-8],[-10,-13],[0,-9],[-8,-13],[-11,-3],[-3,-29],[-5,-25],[1,-12],[11,-10],[12,-4],[11,-41],[13,-13],[4,-14],[5,-1],[5,-12],[-3,-9],[16,-7],[-3,-8],[3,-9],[-3,-8],[-12,-10],[2,-14],[-5,-13],[-7,-5],[7,-17],[-1,-10],[-20,-13],[-14,7],[-19,-7],[-3,-4],[4,-13],[10,-15],[-7,-1],[-18,-14],[2,-18],[-7,-9]],[[4436,6060],[-29,22],[-30,18],[6,21],[-4,25],[-14,10],[-37,-1],[-18,-11],[-9,1],[-19,-7],[-14,-15],[-22,-5],[-30,-16],[-10,-8],[-76,47],[-58,35]],[[4072,6176],[-31,17],[-19,-7],[0,66]],[[4022,6252],[0,203]],[[4182,6698],[132,-101],[175,-133]],[[2568,6501],[-3,-18],[-7,-9],[-17,-12],[-4,-10],[6,-14],[35,-34],[19,6],[7,-8],[2,-27],[6,-13],[9,-6],[12,6],[17,-3],[7,-13],[-5,-16],[-7,-5],[7,-27],[-19,-17],[6,-7],[-28,-8],[-6,-14],[13,-23],[10,-5],[21,0],[8,-6],[2,-26],[-3,-5],[-23,-3],[-1,-11],[13,-20],[2,-15],[-11,-12],[3,-19],[-16,-15],[-19,-4],[-19,-17],[-5,4],[-12,-19],[-5,0]],[[2563,6056],[-20,2],[-71,2],[4,183],[-3,0],[3,38],[-18,13],[-7,-3],[-16,3],[-25,-11],[-9,6],[-13,-9],[-10,5],[-15,-2],[-20,5],[-21,9],[-26,1],[-21,-9],[-18,0],[-13,4],[-7,-6],[-17,-5],[-14,-15],[-34,-19],[-14,3],[-12,9],[-4,8],[-11,8],[-12,-3],[-21,3],[-11,-1]],[[2087,6275],[-11,23],[1,6],[-7,22],[-6,23],[-7,24],[-14,18],[-13,-5],[-4,13],[9,7],[-6,20],[-23,9],[-10,14],[3,6],[-7,14],[-12,0],[-6,27],[1,6],[-21,30],[-6,31],[-12,19],[-15,41],[-9,-2],[-6,5],[-11,-3],[-10,7],[-16,-4],[-9,-6],[-26,14],[-14,16]],[[2087,6275],[-3,-5],[-1,-21],[-19,-45],[-1,-22],[22,-30],[15,-18],[14,-28],[0,-11],[8,-17],[-4,-12],[-66,1],[-72,2],[8,-9],[-2,-19],[13,-19],[-24,2],[-3,-7],[3,-8],[19,-3],[-2,-6],[-17,-2],[7,-5],[10,-24],[-1,-9],[-11,-4],[-1,-13],[-8,-8],[0,-9],[6,-8],[12,-9],[-1,-9],[-52,2],[-41,0]],[[1895,5902],[9,24],[-10,6],[-12,-1],[-5,15],[-1,-12],[-8,-1],[12,-11],[13,-5],[-6,-14]],[[1887,5903],[-99,1]],[[1788,5904],[-2,2]],[[1786,5906],[16,4],[22,-4],[3,9],[-2,17],[11,0],[-1,15],[7,-4],[-7,17],[1,16],[-9,23],[-7,1],[-15,15],[3,14],[-7,-2],[-8,10],[0,18],[10,7],[-13,16],[-4,16],[-26,25],[-8,2],[-8,8],[10,12],[-17,12],[-9,20],[-17,15],[4,12],[3,-3],[8,17],[-13,9],[-12,1],[0,8],[-9,7],[-13,-1],[-2,9],[-12,20],[9,5],[-12,10],[6,9],[-10,7],[-13,-1],[-5,16],[-9,10],[-24,11],[-11,1],[-1,7],[-10,5],[0,9],[-12,20],[7,14],[9,10],[-4,16],[10,13],[1,16],[-4,3]],[[1786,5906],[7,-15],[-2,-7],[-20,-8],[-21,-13],[-10,4],[-37,-7],[-7,1],[-7,9],[-7,19],[-30,21]],[[1652,5910],[-9,1],[-9,18],[-3,11],[-24,3],[-8,-8],[-21,2],[-3,-4],[-19,3],[-17,10],[-13,0],[-7,5],[-21,4],[-5,7],[-23,4],[-6,4],[-59,48],[-55,42],[-31,25],[-15,1],[-5,-9],[-3,5],[-21,-2],[-17,8],[-3,-7],[-12,1],[-14,-7],[-6,-9]],[[1223,6066],[-23,16],[-12,6],[1,7],[-11,12],[-7,3],[2,-19],[-7,-6],[7,-14],[-9,3],[-12,22],[6,6],[3,15],[0,18],[-12,19],[-2,13],[-10,4],[-5,21],[-12,10],[-12,20],[-1,10],[-14,7],[-19,18],[-17,12],[-29,17],[-8,0],[-11,11],[-20,4],[-10,16],[-21,15],[-13,8],[-2,7],[-25,12],[-6,6],[0,13],[-8,14],[-9,1],[-12,10],[5,7],[-8,4],[-10,13],[-21,36],[-11,14],[-12,7],[3,5],[-12,18],[-8,4],[-7,12],[-12,5],[-19,16],[-15,5],[-12,10],[-7,20]],[[2379,5761],[1,7],[15,-8],[-9,-3],[-33,-4],[-15,11],[-9,31],[14,-2],[21,-7],[-5,-13],[20,-12]],[[3113,6255],[3,-68],[-1,-44],[0,-59],[-2,-51]],[[3113,6033],[-25,-7],[-12,9],[-31,-18],[-8,1],[-12,-5],[-14,-1],[-4,-5],[-16,-5],[-21,-13],[-22,0],[-8,-6],[-48,-1],[-7,5],[-20,-1],[-12,-12],[-20,-2],[-30,-9],[-41,6],[-6,-6],[-25,12],[-6,17],[-42,6],[-6,-13],[-17,-21],[-11,-4],[1,-12],[-7,-10],[-8,0],[-7,-8],[4,-21],[-13,-17],[0,-8],[-22,-8],[2,-7],[-21,-10],[-3,-14],[9,-5]],[[2584,5840],[5,-12],[-24,6],[-9,5],[-22,-3],[-14,-15],[-20,9],[-14,-3],[-10,-10],[3,-23],[-18,-15],[-22,-9],[-9,-7],[-15,-4],[-24,4],[-12,7],[1,17],[-7,1],[28,16],[24,12],[10,-4],[16,3],[5,7],[0,13],[10,13],[10,17],[4,22],[22,24],[3,8]],[[2505,5919],[24,12],[10,-1],[9,7],[5,15],[5,5],[0,34],[0,21],[3,9],[-4,14],[4,9],[2,12]],[[6185,5171],[-6,1],[-92,-2],[-37,-2],[-8,1],[-88,-2],[-319,-6],[-144,-2],[-26,-1],[-82,-1],[-19,-1],[-66,0],[-23,-1]],[[5275,5155],[-3,7],[-18,20],[-18,-1],[-17,-8],[-17,-5],[-6,3],[-4,23],[-7,7],[-13,2],[-4,12],[-6,5],[-11,0],[1,6],[-16,20],[-13,-1],[-17,16],[-14,-7],[-12,-2],[-10,11],[-13,2],[-9,9],[-14,8]],[[5034,5282],[-12,20],[3,23],[-17,14],[-12,20],[-1,17],[-13,19],[-21,15],[-12,17],[-9,7],[-18,5],[-13,-3],[-19,6],[-5,-4],[-17,3],[-6,-2],[-17,-23],[-10,2],[-11,12],[-12,3],[-6,-6],[-11,15]],[[4795,5442],[13,8],[0,9],[10,14],[22,11],[8,14],[8,1],[3,8],[-3,10],[-12,10],[12,11],[-3,9],[11,6],[-6,4],[-14,0],[3,12],[-1,13],[12,18],[-6,1],[-3,11],[-9,-2],[-6,9],[-10,5],[-9,-2],[-19,4],[2,14],[-16,7],[-9,0],[-8,11],[-8,2],[-8,10],[-1,10],[-7,7],[8,10],[-4,4],[8,17],[4,25],[-6,21],[-10,4],[-2,13],[-12,10],[-13,16],[-9,-2],[-6,6],[-14,3],[-15,14],[-27,1],[-7,9],[-9,-11],[0,-10],[-8,4],[-12,-3],[2,11],[-13,11],[3,11],[-18,4],[-1,12],[-13,16],[-5,-7],[2,-16],[-9,0],[-17,8],[-14,-1],[1,11],[-16,0],[-13,6],[-2,17],[-7,9],[-12,-3],[-11,9],[-18,5],[-2,8],[6,4],[0,22],[15,5],[3,8],[-8,3],[-7,12],[8,5],[-3,5],[-14,6],[-7,10],[-13,8],[8,6],[1,16],[-3,15],[6,6]],[[4489,6464],[48,-36],[34,-27],[324,-246],[110,-84],[36,-28],[56,-42],[145,-111],[99,-75],[382,-293],[108,-81],[209,-160],[145,-110]],[[4022,6252],[-34,-6],[-10,-8],[-24,1],[-11,-3],[-24,1],[-28,6],[-15,-11],[-15,-6],[-19,2],[-8,-10],[-9,-2],[-17,2],[-7,-5],[-17,-2],[-10,-6],[-5,3],[-31,-2],[-9,-5],[-7,6],[-26,2],[-2,6],[-24,-11],[-7,-12],[-12,-6],[-6,3],[-17,-4],[-9,5],[-27,-29],[-7,-4],[-22,0],[-18,-6],[-1,-11],[-36,-5],[-6,-21],[6,-6],[-8,-5],[-2,-10],[-7,-2],[-3,-16],[-8,0],[-16,-10],[-18,0],[-10,-11],[-14,-2],[-40,-13],[-11,-16],[-23,-2],[-14,1],[-6,-4],[-10,3],[-22,-20],[-16,-5],[-8,-17],[-23,-7],[-3,-12],[-11,-9],[-21,10],[-19,-10],[-17,6],[-10,-7],[-8,-1],[-20,8]],[[3140,5957],[-27,76]],[[2149,5806],[-17,2],[9,5],[8,-7]],[[2165,5825],[8,-6],[0,-6],[-10,-3],[-11,3],[-6,12],[-8,0],[-1,8],[28,-8]],[[2438,5816],[-10,2],[24,18],[-4,-19],[-10,-1]],[[1887,5903],[17,-19],[-2,-18],[10,-17],[24,-30],[-3,-7],[-22,-4],[-16,30],[-25,21],[-38,17],[-10,9],[-25,6],[-9,13]],[[2505,5919],[-5,5],[-27,-33],[-7,-24],[-17,-21],[-31,-23],[-56,-28],[-26,9],[-10,6],[-23,-5],[-1,-5],[-13,-10],[-21,-6],[-28,2],[11,9],[0,8],[11,7],[-4,8],[-17,-1],[-21,-6],[-6,5],[-14,-7],[-10,12],[-10,1],[-25,12],[25,9],[10,9],[-10,21],[-14,8],[-45,-6],[0,12],[14,15],[4,8],[13,0],[34,16],[-24,-7],[-6,-6],[-11,2],[-9,-4],[-18,-23],[-3,-23],[-11,-2],[8,-8],[-4,-11],[-35,-29],[-16,-17],[-10,-17],[-15,-2],[-14,3],[-2,8],[-10,6],[-9,11],[-8,1],[-3,-9],[-8,7],[-23,-1],[-10,7],[-9,17],[-13,13],[-11,16],[-1,12],[8,15],[-9,11],[-3,-5],[-12,11]],[[4072,6176],[-5,-10],[-43,-14],[-17,-12],[-32,-4],[-14,-4],[-36,-21],[-15,-20],[-13,-25],[-9,-9],[-16,-11],[-7,-16],[-16,-13],[-20,-22],[2,-6],[-18,-17],[-1,-11],[-11,-4],[-22,-35],[-15,-19],[0,-7],[-8,-1],[-26,-30],[6,-2],[-13,-14],[-4,-13],[-21,-13],[0,-13],[-16,-18],[-4,-1],[0,-12],[-10,-1],[-3,-8],[-24,-35],[4,-9],[-17,3],[-17,-6],[0,-12],[-11,-2],[2,8],[-8,2],[-4,-8],[-12,-6],[5,-8],[-13,-5],[15,-2],[1,-7],[11,-11],[-2,-7],[-19,-9],[-4,-8],[3,-8],[-5,-8],[-8,2],[-11,-9],[-3,-13],[-9,-8],[-8,3],[-12,-7],[-9,-17],[-17,-6],[-12,-8],[-3,-13],[-15,-17]],[[3463,5539],[-51,51],[-62,63],[-66,66],[-80,81]],[[3204,5800],[-13,12],[-27,77],[-18,49],[-6,19]],[[4795,5442],[-18,6],[-8,26],[-13,9]],[[4756,5483],[-2,15],[-11,2],[-17,12],[-15,6],[3,15],[-20,7],[-3,9],[-6,-4],[-18,-3],[-4,3],[-2,18],[-14,3],[-3,8],[-9,0],[-8,-6],[0,8],[-9,4],[-17,-8],[-5,-8],[-11,9],[-6,-2],[-11,6],[-11,17],[-9,2],[-9,11],[0,6],[-22,-2],[-6,2],[-23,-13],[1,-18],[-11,-13],[-11,-7],[-9,-1],[-10,-7],[-17,0],[-11,-14],[7,-14],[-3,-11],[-11,-8],[-24,-3],[-7,-11],[-15,4],[-9,-6],[-9,0],[-15,-6],[-3,-9],[-17,-2],[-14,-9],[-2,3],[-19,-6],[-2,-5],[-20,9],[-3,6],[-10,0],[-1,-7],[-8,-5],[-13,14],[-11,1],[2,-6],[-10,-6],[-9,1],[-14,-4],[-21,7],[-15,0],[-19,19],[-31,13],[-29,17],[-9,-4],[-9,6],[-8,-1],[-3,11],[-20,6],[-12,-8],[0,-11],[-9,-3],[-3,-8],[-14,-9],[-10,-10],[-13,1],[-9,5],[-17,3],[-7,8],[-12,-18],[-1,-14],[-11,-4],[-25,-2],[-14,2],[-3,-14],[-14,-4],[-3,-14],[-15,7],[-6,6],[-4,-17],[-18,6],[-13,-8],[-23,-1],[13,-31],[8,-10],[15,-23],[-5,-11],[-14,-7],[-18,17],[-6,9],[-10,0],[-4,7],[-26,4],[-2,-17],[18,-18],[-11,-17]],[[3718,5330],[-64,51],[-40,34],[-15,12],[-43,35],[-93,77]],[[1764,5593],[2,-8],[-16,2],[-10,7],[14,11],[7,-1],[3,-11]],[[1652,5910],[27,-24],[5,-17],[10,-10],[14,-5],[3,-36],[-8,-14],[-9,-29],[0,-16],[33,-15],[16,-19],[-10,-6],[-10,6],[-13,-14],[-14,0],[7,-23],[8,-6],[-10,-6],[-15,6],[0,-15],[8,-8],[9,0],[10,-8],[0,-10],[17,-12],[7,1],[10,-13],[-12,-11],[-10,2],[2,-11],[-9,6],[-2,11],[-15,17],[-12,0],[2,-18],[-7,6],[-15,1],[22,-15],[2,-5],[17,-8],[-2,-11],[7,-12],[-7,-3],[-2,-8],[-10,1],[-14,-5],[-18,4],[-5,-6],[-8,13],[-11,5],[-12,17],[-12,8],[-7,-1],[-19,19],[-17,2],[-8,6],[-7,11],[-14,10],[-29,8],[18,0],[1,3],[-9,10],[-23,14],[3,-12],[17,-11],[-8,-8],[-19,-11],[-24,11],[-8,23],[-16,10],[-12,4],[-3,6],[-14,5],[-1,12],[-10,18],[-18,14],[-5,8],[-32,22],[-19,8],[-22,4],[-24,1],[-1,5],[17,0],[4,11],[-5,8],[-4,-18],[-8,-1],[-18,9],[7,15],[13,9],[-1,9],[-7,-10],[-9,15],[-6,-17],[-9,0],[-2,17],[-2,-15],[7,-4],[0,-10],[-10,6],[17,-17],[-3,-7],[-17,-5],[-10,-6],[-11,-14],[0,-10],[17,-8],[-24,5],[-29,1],[12,14],[29,60],[27,65],[4,17],[3,19],[-5,15],[-10,10],[0,14],[-12,15],[-2,10],[-12,19],[7,-3],[14,-15],[12,-16],[13,-9],[-3,-6],[15,-8],[18,-30],[5,-3],[3,-12],[9,-13],[6,-3],[39,-43],[9,-7],[9,6],[-11,14],[-15,6],[0,7],[-10,5],[2,8],[-9,13],[-14,10],[-6,14],[-23,37],[-5,14],[0,9],[-7,-6],[-7,7],[-11,-4],[-2,20],[-17,-1],[5,18],[-8,22],[-9,4],[-13,24]],[[3204,5800],[0,-144],[-2,-26],[0,-168],[6,0],[-8,-20],[-13,5],[-16,-4],[-38,24],[-13,-12],[-8,7],[-11,-16],[-23,2],[-4,8],[-12,-11],[-10,-2],[-10,4],[-7,-7],[-5,7],[-9,1],[3,-10],[-10,-9],[-18,0],[-10,-6],[-9,2],[-12,-21],[-8,-1],[-4,-11],[-7,0],[-13,9],[-7,-11],[-14,-2],[0,-15],[-7,-7],[-14,2],[-27,-24],[-1,-4],[-97,-81],[-31,-24],[-31,-28],[-35,-29]],[[2669,5178],[3,8],[-16,14],[-7,0],[-10,25],[-18,-1],[-20,7],[-14,11],[2,99],[2,71],[1,103],[0,18]],[[2592,5533],[7,20],[6,-1],[6,13],[-13,16],[-9,-7],[-17,17],[3,19],[7,4],[-2,12],[8,8],[-3,8],[10,3],[-7,26],[-1,13],[-14,19],[7,1],[-8,8],[3,14],[0,12],[9,1],[-2,8],[10,-4],[-4,15],[-6,-1],[0,10],[-9,2]],[[2573,5769],[5,29],[16,0],[2,-10],[12,-3],[8,9],[2,-19],[15,-28],[0,-10],[5,9],[-9,5],[4,9],[-4,10],[11,10],[9,-9],[4,1],[-13,11],[-17,0],[2,7],[-7,8],[-19,-8],[0,12],[-12,9],[-2,12],[11,8],[-12,9]],[[2312,5764],[-13,1],[-11,6],[18,9],[9,-7],[-3,-9]],[[2323,5760],[-7,14],[-10,8],[10,8],[6,-19],[7,-9],[-6,-2]],[[2592,5533],[-110,-28],[-105,-27],[-175,-43],[-10,11],[-12,2],[-8,8],[-9,1],[-10,9],[2,7],[13,10],[-15,18],[-16,8],[-15,11],[-84,8],[-10,4],[-12,11],[-10,-4],[-17,8],[2,14],[-36,33],[6,4],[-10,12],[-15,2],[-24,25],[-20,-7],[-22,0]],[[1870,5630],[-10,-2],[-6,7],[7,3],[-10,6],[-15,-1],[-5,6],[-11,-10],[-15,6],[-10,0],[3,11],[-13,12],[-12,5],[1,8],[-8,3],[2,7],[-8,13],[13,-2],[3,-7],[12,-5],[0,5],[12,7],[3,12],[11,-1],[11,17],[-6,17],[16,1],[19,-7],[15,10],[14,-2],[12,11],[7,2],[8,16],[9,4],[4,11],[15,5],[30,-1],[23,-6],[11,-9],[9,-16],[22,-8],[13,4],[18,12],[36,10],[5,5],[19,-3],[12,6],[24,2],[10,-5],[10,0],[15,-7],[22,0],[4,3],[13,-6],[31,-7],[17,1],[4,-6],[22,-6],[5,1],[17,-7],[12,-1],[7,-5],[37,-5],[17,5],[25,0],[2,-5],[19,-10],[2,9],[18,-4],[4,5],[-7,8],[-14,-4],[-15,7],[4,7],[15,2],[10,8],[6,10],[13,6],[-2,29],[16,8],[10,-8],[22,2],[5,10],[17,3],[24,-8],[5,-21],[-9,-10],[-12,1],[-20,-10],[-7,3],[0,-11],[-12,-3],[24,-19],[4,-8],[8,7],[14,3],[1,13]],[[3718,5330],[-72,-30],[-12,-6],[-35,-14],[-97,-42],[-65,-26],[-18,-9],[-69,-28],[-46,-20],[-123,-51],[-42,-18],[-10,-13],[11,-3],[-3,-8],[9,1],[-4,-14],[4,-16],[10,-6],[-121,-101],[-4,-4],[-130,-110]],[[2901,4812],[-6,2],[-5,19],[-22,2],[-14,20],[-7,6],[-10,-13],[-7,-5],[-11,4],[-16,-4],[-18,15],[-16,5],[-17,-17],[-3,0],[0,-16],[-12,-4],[-12,11],[0,11],[-5,3],[5,11],[-7,19],[-5,21],[-19,11],[-14,21],[-1,11],[4,17],[-6,7],[16,13],[8,-4],[27,19],[-4,14],[3,7],[-12,15],[-2,15],[9,18],[5,3],[-2,11],[-25,7],[-10,-4],[-8,4],[1,12],[-16,17],[10,19],[-1,13],[-9,3],[-10,10],[-2,9],[12,8]],[[2667,5178],[2,0]],[[1870,5518],[27,0],[51,-29],[0,-9],[-7,-7],[-17,4],[-20,10],[-4,6],[-24,6],[4,7],[-17,-4],[-12,6],[-2,16],[21,-6]],[[2667,5178],[-129,3],[-80,1],[-74,3],[-34,0],[-61,2],[-17,-15],[-24,-6],[-17,-10],[-21,15],[0,-6],[-13,2],[-15,-4],[-12,3]],[[2170,5166],[-4,7],[-28,-2],[-13,3],[-15,-3],[-5,26],[-4,8],[-14,2],[-10,6],[-18,-6],[-5,4],[-2,28],[-17,35],[-3,0],[-12,24],[0,19],[-4,15],[-1,26],[-9,30],[-12,12],[-10,14],[-6,0],[2,10],[-6,-1],[-2,11],[-10,-4],[-4,-11],[-34,29],[5,0],[-13,19],[15,4],[19,0],[15,-5],[-17,26],[-12,6],[-8,14],[-11,-1],[-20,10],[-21,-1],[-25,7],[2,6],[-16,1],[9,5],[12,0],[8,12],[-13,-1],[13,8],[17,0],[-3,8],[0,15],[-7,15],[-10,-2],[-4,8],[14,0],[-7,19],[4,9]],[[4756,5483],[-32,-27],[-32,-29],[-78,-69],[-50,-43],[-71,-63],[0,-69],[-32,0],[3,-36],[-35,0],[-1,-47],[-108,0],[-18,-15],[-57,-51],[-154,-136],[-46,-43]],[[4045,4855],[-10,4],[-4,10],[-27,25],[-15,4],[-34,13],[-36,25],[-9,22],[4,10],[-7,13],[-9,5],[-22,34],[-42,62],[-14,22],[5,18],[-44,92],[-63,116]],[[1786,5432],[-56,1],[-49,2]],[[1681,5435],[-5,22],[-4,35],[0,22],[9,5],[12,-1],[8,5],[7,19],[14,-6],[38,1],[4,3],[17,-3],[10,-16],[4,-3],[-2,-12],[5,-14],[2,-14],[12,-15],[-5,-4],[13,-6],[-1,-10],[-9,-2],[-15,6],[6,-6],[-3,-9],[-12,0]],[[1810,5545],[-7,12],[5,6],[11,-13],[-9,-5]],[[5034,5282],[-111,-99],[-147,-129],[-21,-21],[2,-11],[-13,-6],[9,-8],[-18,-16],[8,-20],[-5,-21],[6,-3],[4,-17],[-1,-11],[-8,-4],[-5,-24],[7,-11],[-12,-18],[-18,-11],[-1,-12],[-11,-4],[-2,-6],[-12,-10],[-12,0],[-5,10],[-14,5],[-12,-2],[-2,-15],[-7,-4],[-18,1],[-3,-3],[-7,-33],[-13,-1],[-9,16],[4,12],[-19,14],[-8,-3],[-7,-20],[-14,6],[-14,12],[-11,-7],[1,-11],[-5,-13],[20,0],[9,-10],[-1,-9],[-18,-9],[-5,-16],[2,-9],[-6,-3],[-37,8],[-7,-18],[2,-9],[-10,-20],[-11,-6],[-3,5],[6,9],[-10,10],[-18,-4],[0,-28],[-17,-4],[-14,3],[-8,-4],[-15,-19],[-18,-12],[-8,-10],[-2,-17],[6,0],[2,-9],[-7,-1],[-11,-9],[2,-15],[-11,-8],[-12,-4],[-12,-12],[2,-16],[-3,-7],[-8,-1],[-11,-12],[-4,-12],[-6,-2],[-19,5],[-5,6],[-8,-10],[-8,4],[-10,-4],[-16,7],[-2,-6],[-17,-2],[-12,-7],[-11,3],[-6,-11],[-7,-3],[-14,2],[-13,-4],[-13,9],[-14,-14],[-16,1],[-13,-15],[-16,1],[-7,7],[-8,1],[-10,-5],[-11,8],[-17,-11],[-15,-1],[-22,-5],[-21,-13],[-10,6],[-13,-14],[-7,-13],[-11,4],[-3,9],[-10,1],[-20,-11],[3,-10],[-39,2],[-12,-6],[0,7],[-24,-1],[7,6],[-10,3],[-12,-3],[-2,9],[-10,-4],[0,10],[-9,-1],[-1,-7],[-7,3],[-17,-3],[0,11],[-4,6],[6,7],[-9,1],[-1,9],[-9,8],[-14,-2],[-10,19],[-4,-5],[-10,5],[-11,15],[-17,9],[6,8],[-9,4],[3,10],[-10,5],[3,17],[8,1],[5,8],[-12,7],[5,5],[-9,12],[-8,3],[-3,17],[-12,13],[6,6],[-10,3],[-6,7],[0,15],[-8,4],[1,6],[-17,8],[-5,7],[-14,7],[7,7],[-5,11]],[[3563,4708],[50,43],[15,12],[23,3],[12,5],[33,9],[6,5],[20,7],[1,-3],[20,-1],[24,8],[6,7],[24,8],[11,11],[14,-1],[25,6],[16,0],[5,4],[22,2],[19,-4],[17,6],[3,-3],[15,3],[9,-2],[32,4],[10,5],[12,0],[11,5],[15,2],[12,6]],[[1786,5432],[5,-38],[-5,-7],[11,3],[6,-6],[-6,-15],[-11,0],[-5,-7],[16,-7],[-9,-1],[22,-7],[-2,-7],[12,-6],[-3,-6],[-14,5],[-5,-9],[17,-14],[12,-4],[10,3],[2,-5],[15,3],[7,-14],[38,-10],[8,4],[16,-13],[3,-9],[14,-2],[3,-7],[-7,-9],[-13,-8],[13,4],[12,12],[4,-4],[15,-1],[5,-7],[-11,-11],[-10,-15],[14,16],[14,-6],[29,-20],[17,9],[11,-9],[6,-31],[5,-4]],[[2047,5172],[-9,-5],[2,-9],[-10,-1],[-10,7],[-23,-5],[-9,-12],[-14,-10],[1,-18],[-6,-2],[2,-31],[-10,-15],[-1,-10],[8,-15],[17,-21],[-8,0],[-8,-8],[8,-9],[12,1],[7,-9],[-2,-8],[12,-9]],[[2006,4983],[-1,-28],[1,-33],[-3,-13],[-89,3],[-2,-28],[-37,-2],[-34,0],[5,-40],[22,-39],[-3,-6]],[[1865,4797],[-21,12],[-15,-6],[-9,7],[2,14],[-8,15],[-11,4],[-5,20],[-13,13],[-16,2],[-10,16],[-2,24],[-10,25],[9,27],[8,58],[3,13],[0,25],[-6,16],[-14,18],[0,7],[-8,15],[-11,25],[-1,26],[-5,21],[-14,19],[-12,5],[-14,-1],[-5,-7],[-2,9],[-13,15],[-3,20],[6,17],[-5,21],[5,26],[12,2],[5,9],[4,35],[0,48],[-5,23]],[[3563,4708],[-225,-193],[-3,-4],[-140,-119]],[[3195,4392],[-15,11],[-98,44],[-103,47],[-2,8],[-10,23],[-9,3],[-5,17],[-11,6],[-4,7],[1,12],[-15,7],[-23,-3],[-2,9],[-9,9],[7,16],[7,3],[8,11],[-3,4]],[[2909,4626],[-14,7],[-17,17],[3,11],[10,8],[-4,8],[5,3],[-12,14],[-3,9],[10,1],[14,7],[1,17],[10,-3],[4,14],[-12,5],[-2,6],[-19,13],[12,6],[0,9],[14,19],[-8,15]],[[5275,5155],[10,-6],[6,-17],[-9,-18],[-11,-2],[-2,-14],[-8,-17],[11,-16],[9,-8],[0,-11],[-10,-2],[-6,-15],[10,-9],[20,-7],[16,-13],[16,11],[8,1],[29,-38],[3,-10],[17,-20],[-8,-12],[-10,-8],[-2,-16],[11,-15],[-6,-8],[15,-18],[2,-11],[-7,-10],[6,-16],[12,-12],[12,-5],[13,1],[15,5],[21,-6],[8,-15],[14,1],[1,-6],[21,-1],[14,-6],[17,-17],[12,2],[11,-14],[11,-8],[9,-1],[4,-7],[18,3],[12,-12],[-4,-14],[18,-21],[-6,-13],[14,-12],[-4,-14],[7,-4],[8,-12],[1,-15],[7,0],[7,-12],[8,-21],[14,-21],[-2,-6],[8,-15],[-8,-14],[8,-12],[0,-18],[-8,-8],[-17,-2],[-6,-4],[5,-12],[17,-25],[-8,-14],[5,-5],[8,-32]],[[5682,4406],[-183,-2],[0,-9],[-52,-1],[-366,0],[1,-24],[0,-64],[-144,-1],[-168,0],[0,-91],[-161,1],[-13,-12],[-92,-81]],[[4504,4122],[-86,-73],[-7,9],[-11,-2],[-21,1],[-8,-9],[-17,2],[-15,-5],[-6,-6],[-1,-12],[-200,0],[-1,-150],[0,-79],[-37,-31],[-133,-108],[-44,-37],[-35,-28],[-102,-86]],[[3780,3508],[-8,2],[-13,17],[1,14],[-21,12],[-3,17],[-28,5],[-5,-1],[-16,8],[-23,-7],[-6,10],[-10,11],[-19,6],[-8,7],[-1,9],[-9,3],[-14,10],[-27,2],[0,12],[-12,1],[-4,11],[-20,7],[-13,9],[-17,17],[6,13],[-9,12],[-8,2],[-5,-8],[-21,8],[-8,-2],[-6,8],[3,7],[-6,1],[-5,18],[-8,3],[-2,25],[-5,4],[9,8],[13,-3],[-2,5],[7,9],[7,16],[10,6],[-1,5],[-16,14],[-11,14],[-11,2],[-13,16],[7,4],[-4,14]],[[3425,3891],[5,15],[-7,3],[-1,9],[5,9],[19,14],[14,4],[26,0],[19,10],[0,111],[2,57],[-19,12],[-130,114],[-102,90],[-61,53]],[[2909,4626],[-51,1],[-110,0],[-37,1],[-18,19],[-16,11],[-10,-3],[-4,-9],[-20,7],[-20,-21],[-4,-18],[-27,-21],[-3,-7],[-14,-7],[-2,-17],[-18,0],[-4,5]],[[2551,4567],[0,20],[-8,0],[0,7],[-16,0],[-17,16],[-22,-7],[-8,18],[-7,3],[-4,11],[-27,6],[-3,4],[3,13],[-10,1],[-12,10],[-15,-6],[3,9],[12,10],[-17,8],[5,7],[-14,14],[-10,15],[-15,4],[-12,9],[-24,9],[-11,19],[-9,1],[-14,10],[-17,3],[-21,9],[-25,6],[-13,9],[-36,12],[-11,10],[-18,4],[-10,16],[-23,7],[0,10],[-5,16],[-23,23],[-9,-2],[-12,14],[-12,0],[-3,7],[-9,5],[-2,7],[-14,19],[-11,3],[-12,10],[-7,17]],[[2047,5172],[13,-4],[14,-13],[19,-1],[2,-5],[27,6],[7,10],[41,1]],[[6185,5171],[316,-242],[141,-107],[27,-21],[178,-135],[238,-182],[273,-208],[95,-74],[211,-161],[174,-132],[113,-85],[252,-193],[181,-138]],[[8384,3493],[-84,-3],[1,-17],[-471,-17],[-213,-7],[-57,-4],[-110,-2],[-27,0],[-75,-3],[-436,-12],[-209,-5],[-185,-4],[-51,0],[-42,-3]],[[6425,3416],[-233,-1],[-53,-1],[3,-13],[-85,-2]],[[6057,3399],[-1,20],[3,13],[8,6],[-8,9],[3,10],[-3,22],[12,8],[12,-1],[-9,13],[7,13],[-5,7],[-3,17],[6,12],[-8,16],[-17,5],[-11,13],[8,20],[6,-1],[-3,13],[-12,13],[-14,6],[-5,20],[-9,15],[3,8],[-9,12],[1,17],[-8,16],[-9,1],[2,19],[-3,15],[-6,13],[1,5],[12,9],[-3,24],[-7,5],[-8,14],[-14,6],[-16,19],[2,17],[-8,8],[-7,16],[1,16],[-9,9],[0,22],[5,7],[10,3],[-3,11],[16,12],[-5,16],[-22,5],[2,4],[-9,16],[-10,1],[-12,8],[-8,15],[20,9],[2,15],[-14,9],[-5,8],[-16,-6],[-21,0],[-20,6],[5,9],[-6,15],[-16,9],[-6,12],[-11,5],[0,6],[13,7],[-7,8],[5,11],[-2,12],[-12,2],[0,13],[-9,6],[-5,8],[-11,-1],[-17,10],[-1,17],[5,15],[10,2],[3,6],[-7,7],[-13,0],[-9,16],[-15,7],[-5,20],[-12,7],[6,15],[-5,5],[-11,0],[-6,12],[-14,8],[14,4],[15,10],[0,13],[-4,13],[-13,13],[-16,6]],[[2551,4567],[-27,-1],[-18,14],[-13,-17],[-3,-1]],[[2490,4562],[-8,7],[1,8],[-14,3],[-18,-10],[-10,12],[-16,2],[-5,-6],[-7,5],[-26,-8],[-20,-22],[-15,1],[-17,-17],[0,-14]],[[2335,4523],[-9,-4],[-13,24],[-38,66],[-27,27],[-11,8],[-24,10],[-9,0],[-15,-9],[-9,-10],[-12,-5],[-12,6],[-34,3],[-3,-12],[-38,-2],[-29,8],[-10,1],[-16,11],[-11,2],[-6,8],[-13,1],[-2,8],[-26,16],[0,3],[-27,21],[-10,5],[-8,16],[-21,21],[-22,36],[-15,15]],[[3425,3891],[-12,5],[-11,15],[-7,1],[-19,13],[-22,11],[-7,-1],[15,-11],[7,-15],[3,-11],[7,-4],[7,-13],[10,-31],[3,-19],[-3,-7],[-10,-5],[-17,6],[-11,-7],[-17,7],[-7,15],[-10,4],[-3,7],[-15,6],[-10,10],[-2,7],[-25,12],[-2,14],[-11,11],[-24,9],[-13,-4],[-11,12],[-13,8],[-12,1],[0,-9],[-8,-1],[-1,-9],[-8,-12],[-8,-4],[-14,4],[-8,11],[-11,2],[-3,-17],[-5,-6],[-34,-11],[-1,17],[-10,-5],[-3,17],[0,38],[-151,135],[-2,7],[-11,10],[-5,9],[-13,1],[1,10],[-10,20],[-7,3],[-24,-4],[-21,5],[-16,-6],[-3,3],[5,12],[11,13],[-6,13],[-11,11],[-15,6],[-5,17],[10,6],[0,23],[6,11],[-16,13],[-7,10],[0,9],[-22,18],[-16,-3],[-26,5],[-7,16],[-14,6],[-12,-6],[-26,20],[-14,23],[30,8],[2,7],[-9,16],[-10,3],[-3,14],[-13,6],[-16,-7],[-52,50],[-37,35],[-21,9],[-23,30],[3,9],[-3,14]],[[3780,3508],[38,0],[28,-25],[8,-17],[-16,-11],[-3,-10],[14,-23],[7,1],[17,-7],[3,-9],[0,-23]],[[3876,3384],[-112,1],[-168,1],[-47,2],[-110,0],[-23,1],[-64,0],[-4,1],[-66,0],[-6,0],[-61,0],[-15,2],[-57,0],[-52,2],[-92,0],[-146,4],[-92,0]],[[2761,3398],[-16,15],[-22,14],[-22,26],[-3,6],[-33,21],[-18,19],[1,16],[-10,12],[5,11],[-8,6],[-3,18],[-10,36],[-9,16],[-14,11],[-14,6],[-27,8],[-11,0],[-21,29],[-3,18],[-13,9],[-13,15],[-2,14],[-12,22],[-8,5],[-6,11],[-25,30],[-23,12],[-3,7],[-13,14],[-29,17],[-9,1],[-20,15],[-24,11],[-14,-1],[-1,4],[-20,13],[-2,11],[-15,21],[-9,1],[-11,9],[-11,13],[-10,4],[1,24],[3,13],[-13,18],[5,5],[-5,11],[6,10],[-6,18],[-5,3],[-2,28],[-12,27],[4,1],[-9,16],[-10,25],[8,6],[-5,14],[-10,6],[7,6],[17,-1],[3,9],[-7,13],[4,5],[-4,13],[-15,8],[-3,-7],[-16,9],[-7,10],[11,8],[0,5],[9,20],[4,-2],[9,8],[7,21],[13,-2],[9,-13],[13,-7],[7,-13],[10,-3],[24,11],[13,14],[21,33],[11,27],[6,32],[3,33],[9,36],[9,28],[8,5],[33,4],[7,17],[-11,-16],[-37,-5],[-8,15],[-10,24],[6,9]],[[6057,3399],[-184,0],[-14,-1],[-40,1],[-19,-1],[-64,0],[-10,0],[-62,0],[-10,0],[-53,0],[-36,-4],[-60,0],[-6,0],[-63,0],[-13,-1],[-114,0],[-29,-1],[-107,0],[-3,-2],[-116,0],[-19,0],[-89,0],[-9,-1],[-107,0],[-3,-1],[-103,0],[-17,-2],[-161,0]],[[4546,3386],[0,366],[8,0],[-1,139],[51,0],[0,87],[1,53],[-53,0],[1,11],[0,50],[-1,31],[-48,-1]],[[4546,3386],[-6,0],[-121,0],[-112,-1],[-218,0],[-3,-1],[-123,0],[-5,1],[-50,0],[-10,-1]],[[3898,3384],[-22,0]],[[9708,1737],[-48,-3],[-278,-16],[-81,-4],[-24,-2],[-458,-24],[3,-46],[-209,-10],[-680,-26],[-452,-16],[-74,-2],[-145,-5],[-70,-2],[2,-31],[-84,-2],[-65,-3],[-153,-4],[0,15],[-151,-4],[-2,15],[-173,-3],[-11,-2],[3,-46],[-54,-19],[3,-48],[-46,-2],[1,-38],[-20,0],[8,-8],[-5,-11]],[[6445,1390],[-26,21],[-31,15],[-57,40]],[[6331,1466],[-9,8],[-2,15],[-9,0],[1,10],[16,28],[17,2],[-2,17],[37,0],[55,193],[3,12],[21,78],[-22,234],[-2,50],[-5,0],[-9,279]],[[6421,2392],[35,0],[-5,183],[-3,78],[-9,319],[-2,63],[0,25],[-4,112],[-2,90],[17,1],[-1,30],[-34,-2],[-2,32],[17,2],[-3,91]],[[8384,3493],[14,-11],[248,-191],[322,-243],[168,-128],[21,-15],[59,-45],[51,-38],[176,-136],[5,-10],[0,-13],[-4,-12],[7,-24],[-2,-27],[3,-14],[-4,-13],[2,-20],[13,-16],[26,-12],[12,-11],[12,-21],[9,-25],[9,-15],[15,-14],[21,-13],[11,-13],[27,-11],[3,-8],[18,-4],[10,-27],[13,-21],[-7,-9],[19,-15],[3,-21],[16,-12],[-1,-10],[-11,-5],[16,-16],[18,-11],[27,-40],[4,-23],[-3,-12],[2,-18],[-5,-20],[15,-13],[29,6],[10,-2],[9,-12],[8,-1],[19,-10],[9,-8],[3,-11],[10,-4],[16,0],[9,-9],[14,-8],[14,-17],[10,-4],[21,-2],[24,-10],[26,-36],[16,-11],[-1,-8],[6,-26],[5,-8],[-6,-6],[-28,0],[2,-6],[-10,-7],[-5,-10],[-11,-8],[-18,-21],[-13,-7],[-4,-21],[-10,-4],[-15,-10],[-13,-5],[-19,0],[-16,-17],[-6,-10],[-14,-11],[-23,-4],[-20,-19],[-21,-8],[-15,0],[-15,-8],[-11,-17]],[[3898,3384],[0,-70],[0,-113],[106,-1],[0,-91],[15,-1],[3,-14],[16,-2],[1,-15],[16,0],[0,-15],[17,0],[2,-16],[15,2],[2,-32],[116,-2],[2,-92],[69,1],[1,-92],[141,-2],[2,-91],[112,5],[-7,-95],[71,3],[1,-15],[16,0],[1,-187]],[[4616,2449],[-64,-1],[-11,9],[-37,21],[-11,12],[-17,12],[-11,-1],[-9,5],[-10,-2],[-10,12],[-13,8],[-14,0],[-22,5],[-16,-5],[-10,3],[-16,-2],[-36,19],[-6,-3],[-20,13],[-23,6],[-14,11],[-10,17],[-36,8],[-11,-5],[-9,11],[-15,13],[-17,-4],[-13,0],[-9,5],[-15,0],[-7,5],[-6,-2],[-7,9],[-9,1],[-5,8],[-25,9],[-7,-2],[-14,6],[-24,15],[4,9],[-23,-2],[-5,-7],[-20,-10],[-15,0],[1,-13],[-22,-6],[-10,-9],[-10,-18],[1,-14],[-6,-7],[-10,-1],[-10,-8],[-18,0],[-5,-4],[-17,8],[-8,-12],[-5,6],[-15,-3],[-1,-9],[-8,5],[-17,-1],[-8,-9],[-11,14],[-6,-4],[-6,-16],[6,-13],[14,-8],[-1,-8],[15,-9],[-4,-12],[10,-5],[1,-12],[-4,-28],[-10,-6],[-7,2],[-10,21],[-10,2],[-17,13],[-5,6],[-34,23],[-13,4],[-25,19],[-12,6],[-17,1],[-81,-13],[-17,-8],[-18,2],[-15,-11],[-16,8],[-9,-1],[-11,-11],[-10,-2],[-15,15]],[[3442,2529],[4,8],[10,36],[7,46],[0,35],[-6,30],[-13,25],[-14,8],[-12,1],[-12,6],[-13,13],[-14,4],[-10,-2],[-14,6],[-10,-2],[-7,-5],[-2,-14],[-22,10],[-7,9],[-30,13],[-5,6],[-10,2],[-26,13],[-1,8],[-10,4],[-6,9],[-7,3],[-14,16],[3,27],[14,19],[16,44],[3,16],[0,21],[5,-3],[0,-21],[-3,-21],[-5,-10],[24,7],[-2,11],[7,-2],[8,6],[-15,6],[-2,11],[-10,17],[-9,6],[-4,29],[-16,31],[-10,11],[-11,7],[-42,0],[-19,12],[-7,0],[-17,5],[-13,-3],[-24,30],[-21,19],[-8,4],[-43,44],[-22,44],[-17,13],[-22,31],[-22,9],[-5,-9],[-27,19],[-21,0],[-13,11],[-14,5],[-17,-3],[0,20],[-7,13],[-8,5],[-12,14],[2,10],[-4,22],[1,12],[-7,3],[1,8],[-7,18],[-15,13]],[[6421,2392],[-169,-6],[-130,-2],[-56,-2],[-126,-4],[-42,2],[-9,-2],[-36,-1],[-31,1],[-28,-3],[-26,0],[-131,-2],[-13,-2],[-94,0],[-3,0],[-97,0],[-130,-4],[-103,0],[13,-31]],[[5210,2336],[-96,0],[0,25],[-269,0],[-1,44],[-33,1],[1,22],[-29,0],[-77,0],[-1,21],[-58,0]],[[4647,2449],[-31,0]],[[5077,947],[-7,-4],[-10,18],[19,5],[-2,-19]],[[4036,1541],[11,-2],[0,-11],[-7,-12],[8,-21],[31,-15],[24,3],[8,-5],[3,-21],[9,-16],[-27,0],[-24,-7],[-14,-11],[-15,-6],[-5,-6],[-20,-2],[-6,-4],[-20,0],[-12,-13],[-12,-2],[-17,9],[-34,21],[-8,3],[-7,18],[-10,8],[-13,23],[-10,6],[-3,8],[-27,16],[13,8],[16,2],[25,-6],[33,6],[16,16],[11,1],[22,-7],[20,0],[21,5],[20,14]],[[3726,1556],[14,-6],[19,2],[15,-11],[7,-17],[-7,-2],[-35,1],[-14,-9],[-26,14],[-24,7],[-17,-8],[-10,6],[-15,0],[7,11],[11,1],[12,9],[4,8],[17,-8],[15,6],[20,17],[7,2],[6,-15],[-6,-8]],[[4187,1579],[17,2],[32,-6],[23,-8],[15,-9],[19,0],[3,2],[26,-2],[11,4],[5,-4],[22,-8],[7,2],[16,-6],[7,-9],[14,-8],[6,-7],[19,-4],[11,4],[6,-4],[17,-2],[13,4],[12,11],[0,13],[23,14],[6,-4],[13,6],[14,-8],[19,-6],[13,-9],[-24,-14],[-4,-15],[-7,-9],[-18,-2],[-18,-6],[-23,-2],[-40,0],[-8,-2],[-33,-17],[-6,2],[-21,-13],[-24,5],[-22,-7],[-6,5],[-18,-3],[-19,3],[-11,-3],[-6,7],[-11,4],[-14,-4],[-18,15],[-6,0],[-14,29],[10,17],[1,8],[-24,19],[-15,8],[-8,-4],[-9,4],[10,5],[-3,8],[5,8],[15,-4]],[[4647,2449],[0,-122],[1,-204],[1,-126],[4,-31],[-4,-11],[-6,0],[-3,-14],[9,-11],[-7,-10],[-26,-18],[1,-6]],[[4617,1896],[-13,9],[-15,2],[-33,12],[-16,13],[-13,6],[-10,-2],[-17,5],[-25,4],[-21,-7],[-10,3],[-23,-1],[-14,-4],[-10,-12],[-14,-7],[-19,0],[-12,7],[-46,14],[-50,2],[-8,-10],[-26,2],[-8,-4],[-15,15],[-8,1],[-29,15],[-28,0],[-23,13],[-9,2],[-20,12],[-17,-3],[-12,6],[-22,-3],[-10,1],[-19,-2],[-46,14],[-18,0],[-14,-4],[-58,2],[-14,-4],[-38,0],[-16,4],[-46,-12],[-31,-3],[-34,-2],[-25,-6],[-16,2],[-12,-8],[-17,6],[-4,23],[-6,11],[-17,17],[-1,10],[-13,18],[-28,17],[-13,1],[-27,17],[-24,0],[-20,-2],[-15,10],[-6,17],[6,16],[1,11],[20,44],[13,34],[5,21],[0,10],[-17,27],[-10,7],[-8,15],[14,37],[14,53],[-3,21],[-26,21],[0,9],[-9,12],[-18,0],[-3,4],[6,21],[-2,6],[9,17],[-2,3],[7,14],[2,13]],[[4566,749],[9,0],[31,-18],[9,0],[28,-11],[24,-25],[11,-4],[-14,-9],[-36,-6],[-16,6],[-8,-2],[-17,6],[-16,7],[-14,2],[-22,15],[-8,12],[-6,21],[18,-8],[10,10],[17,4]],[[4667,1518],[14,-2],[4,-6],[-12,0],[-21,6],[15,2]],[[5156,1554],[-23,11],[-31,10],[-12,2],[-26,15],[-23,2],[-17,8],[-17,13],[-6,-4],[-21,6],[2,-4],[19,-4],[-16,-5],[-18,7],[-61,40],[-11,4],[-13,0],[-10,14],[3,2],[-1,22],[-5,0],[4,-22],[-13,17],[-31,63],[0,15],[-8,15],[-11,10],[-27,2],[-8,8],[-20,11],[-9,11],[-26,17],[-14,-4],[-13,16],[-10,5],[-20,20],[-12,0],[-16,17],[-18,2]],[[5210,2336],[34,-70],[1,0],[36,-77],[17,-32],[8,-21],[98,-200],[1,-4],[62,-126],[0,-44],[-36,0],[1,-76],[-33,0],[-86,-2],[-27,-17],[-126,-84],[-4,-29]],[[5533,491],[15,4],[11,-10],[6,-19],[10,-4],[5,-15],[27,-27],[17,-23],[19,-17],[17,-9],[22,-19],[41,-29],[30,-25],[10,-4],[20,-21],[-6,-3],[-24,7],[-13,0],[-10,-5],[-4,-8],[-10,-2],[-10,-8],[-8,12],[-17,6],[-26,21],[-26,11],[-11,31],[-20,20],[-2,6],[-10,4],[-11,36],[-6,10],[-16,13],[-7,23],[-13,25],[-14,2],[-3,19],[15,4],[2,-6]],[[5510,962],[18,-5],[19,1],[17,-1],[12,4],[25,-20],[14,-5],[6,-12],[17,8],[7,-6],[30,-15],[17,0],[39,-10],[9,-9],[14,-2],[-3,-17],[16,-16],[23,-17],[8,-15],[13,-6],[8,-19],[0,-13],[-11,-6],[-12,-4],[-11,4],[-17,12],[-21,5],[-36,0],[-11,-4],[-36,4],[-16,12],[-17,26],[7,25],[7,2],[-7,6],[-8,30],[-23,12],[-3,-8],[-11,10],[-10,-2],[-2,4],[-22,0],[-15,5],[-22,29],[-8,4],[-4,9]],[[6003,1258],[-14,-2],[0,8],[14,-6]],[[5896,1264],[-26,-12],[9,-24],[-14,-4],[5,-8],[-12,0],[-2,14],[19,5],[-6,17],[-6,-3],[0,-15],[-13,-3],[-2,-9],[-9,19],[17,21],[34,10],[6,-8]],[[6331,1466],[-9,2],[-75,-3],[-102,-1],[-7,-4],[0,-42],[-8,0],[0,-9],[-9,0],[0,-7],[-10,0],[2,-8],[-9,0],[0,-8],[-19,0],[0,-8],[-17,-7],[0,-6],[-12,-8],[-5,-17],[2,-11],[-10,-6],[-11,-11],[-3,-8],[-11,-21],[7,-19],[-22,-15]],[[6003,1249],[3,9],[-17,15],[-3,-15],[15,-7],[-2,-4],[-22,13],[-27,6],[-15,2],[-8,-8],[-17,8],[17,-12],[-1,-4],[5,-17],[-11,0],[-10,6],[14,6],[-14,0],[-1,7],[-9,-5],[-1,11],[-6,10],[13,6],[-16,-1],[-27,-9],[2,9],[-18,-20],[-8,3],[5,10],[-8,0],[-1,-10],[6,-9],[-5,-6],[8,-23],[-2,-4],[-11,0],[-1,-11],[-32,9],[-34,12],[-13,11],[-14,0],[-9,4],[-14,-6],[-12,4],[-5,17],[-14,21],[5,6],[15,10],[3,9],[11,4],[3,13],[0,25],[-9,10],[-11,30],[-34,65],[-15,21],[11,6],[-4,5],[-9,-7],[-9,15],[-17,21],[-19,18],[-17,11],[-24,13],[-14,-2],[-16,4],[-12,-4],[-8,2],[-17,-3],[-27,-1],[-28,2],[-12,-1],[-10,-8],[-58,2],[-13,-8],[-28,-4],[-11,-15],[-14,-8],[-12,14],[-26,17],[-29,7],[-42,4],[-14,4],[-16,0]],[[9558,1044],[-91,-7],[-16,0],[-101,-6],[-297,-15],[-425,-21],[-292,-13],[-53,-4],[-205,-8]],[[8078,970],[-26,-2],[-101,0],[-96,-6],[-21,0],[-54,-2],[-22,0],[-90,-5],[-92,-2],[-67,-2],[-96,-4],[-29,0],[-68,-2],[-78,-2],[-125,-3],[0,3],[-116,-2],[-99,-2],[0,16],[-37,11],[-96,33],[5,13],[-115,-2],[-32,0]],[[6623,1010],[6,4],[0,11],[-6,0],[-1,14],[91,132],[3,3],[-62,44],[-65,8],[-1,47],[-47,10],[-14,19],[-69,75],[-13,0],[0,13]],[[9708,1737],[-4,-19],[0,-19],[6,-15],[-5,-21],[-14,-8],[-8,0],[-4,-7],[10,-8],[-23,-19],[-2,-6],[-14,-15],[-11,-6],[-11,0],[-13,-23],[2,-11],[10,-2],[15,-12],[4,-7],[-6,-6],[-13,2],[4,-8],[21,-17],[1,-9],[-12,-10],[-15,-2],[4,-15],[9,-17],[-8,-12],[10,-17],[11,-23],[8,-23],[-7,-21],[17,-15],[3,-17],[-4,-8],[-25,-11],[-6,-8],[-1,-9],[19,-12],[-18,-6],[8,-13],[0,-10],[-5,-3],[11,-18],[-9,-7],[-9,-14],[1,-11],[10,-21],[8,-8],[-34,-24],[-1,-17],[-7,-8],[-11,-2],[-12,-10],[-6,-15],[-14,-17],[-8,-14],[-2,-19]],[[6623,1010],[3,-38],[-31,-15],[-17,-4],[-23,0],[-5,-19],[-10,-50]],[[6540,884],[-13,19],[-17,17],[-26,21],[-28,16],[-9,3],[-10,-5],[-21,2],[-13,25],[-12,5],[-3,10],[-45,45],[-21,4],[-4,6],[-12,2],[0,4],[-14,9],[-7,8],[-38,19],[-12,17],[-14,0],[-2,10],[-3,-8],[-20,8],[2,-12],[22,-2],[10,-7],[10,2],[3,-8],[-19,6],[-31,7],[-9,12],[-37,21],[-28,15],[-31,25],[-32,33],[-36,30],[-19,0],[2,6]],[[6948,256],[-5,-4],[10,-5],[-1,-6],[-18,4],[12,21],[2,-10]],[[8078,970],[8,-147],[3,-48],[3,-68],[5,-107],[-22,0],[12,-210],[8,-149],[1,-8],[-7,0],[3,-51],[2,-61]],[[8094,121],[-89,-12],[-99,-11],[-38,-4],[-214,-25],[-68,-7],[-18,-4],[-122,-12],[-34,-5],[-96,-12],[-40,-4],[-99,-11],[-105,-12],[-22,-2],[-2,10],[-8,23],[0,27],[-2,17],[-7,19],[-12,23],[-19,23],[-15,13],[-15,4],[-22,-2],[-8,2],[-1,9],[10,14],[21,6],[7,-4],[-1,-6],[24,-8],[3,-19],[-9,2],[6,-6],[11,6],[3,-4],[-4,-13],[15,-15],[8,-21],[5,2],[6,-14],[-5,-7],[11,-8],[1,-11],[16,-6],[8,6],[1,13],[-2,15],[-12,10],[-14,28],[5,0],[-2,18],[-11,11],[-15,4],[-34,23],[2,15],[-27,2],[-14,0],[-6,-10],[-14,-2],[-6,-19],[5,-30],[-8,-6],[-14,34],[-2,23],[1,25],[4,12],[8,0],[3,13],[8,2],[18,-6],[6,8],[-4,13],[3,15],[-23,-5],[-5,-14],[-5,10],[-9,2],[5,-14],[-3,-17],[-5,-2],[-1,27],[-5,15],[-11,8],[-5,11],[-6,2],[-3,23],[6,8],[11,-2],[9,13],[4,16],[-5,32],[-5,23],[-8,25],[-16,63],[-13,21],[-4,5],[-18,44],[-1,8],[-14,30],[-11,14],[-6,13],[-17,19],[-36,42],[-13,10],[-7,15],[-12,10],[-26,34],[-36,40],[-31,29],[-41,30],[-21,10],[-3,4],[-18,3],[-6,6]],[[9558,1044],[-8,-17],[-17,-11],[-21,4],[-14,0],[-17,-12],[-14,0],[-8,-4],[13,-17],[17,-26],[2,-10],[-2,-17],[-6,-14],[-16,-13],[-7,-11],[11,-16],[37,-7],[10,-8],[6,-11],[-17,-16],[13,-15],[5,-11],[-5,-16],[5,-15],[-3,-15],[1,-17],[-9,-23],[-7,-6],[-9,-34],[0,-10],[21,-8],[2,-11],[14,-15],[3,-17],[15,-6],[11,17],[20,-19],[9,-4],[21,0],[12,2],[12,11],[39,-1],[23,-6],[17,-23],[7,-31],[8,-5],[12,7],[9,-11],[-2,-15],[-10,-16],[3,-9],[17,-17],[-1,-69],[-25,-23],[-16,-8],[-20,-28],[0,-14],[7,-21],[-12,-1],[0,-8],[-25,-2],[0,-8],[-18,0],[1,-7],[-34,-2],[-1,-8],[-50,4],[-26,2],[-13,9],[-11,-15],[-5,-15],[-195,-23],[-47,-4],[-46,-6],[-118,-15],[-59,-6],[-71,-9],[-179,-19],[-165,-21],[-57,-6],[-139,-17],[-110,-12],[-54,-7],[-83,-8],[-80,-11],[-15,0]]],"transform":{"scale":[0.065877208904714,-0.07600760076007601],"translate":[150.64689408088225,780]}}