{"type":"Topology","objects":{"counties":{"type":"GeometryCollection","bbox":[-373935.7647002694,-604500.660682477,540038.63073466,450021.86855265126],"geometries":[{"type":"Polygon","properties":{"name":"Siskiyou County"},"arcs":[[0,1,2,3,4,5]]},{"type":"Polygon","properties":{"name":"Del Norte County"},"arcs":[[-5,6,7]]},{"type":"Polygon","properties":{"name":"Modoc County"},"arcs":[[8,9,-1,10]]},{"type":"MultiPolygon","properties":{"name":"Humboldt County"},"arcs":[[[-4,11,12,13,-7]]]},{"type":"Polygon","properties":{"name":"Trinity County"},"arcs":[[14,15,16,-12,-3]]},{"type":"Polygon","properties":{"name":"Lassen County"},"arcs":[[17,18,19,20,-9]]},{"type":"Polygon","properties":{"name":"Shasta County"},"arcs":[[-10,-21,21,22,-15,-2]]},{"type":"Polygon","properties":{"name":"Tehama County"},"arcs":[[23,24,25,26,-16,-23]]},{"type":"Polygon","properties":{"name":"Plumas County"},"arcs":[[-20,27,28,29,-24,-22]]},{"type":"Polygon","properties":{"name":"Butte County"},"arcs":[[30,31,32,33,-25,-30]]},{"type":"Polygon","properties":{"name":"Mendocino County"},"arcs":[[-17,-27,34,35,36,37,-13]]},{"type":"Polygon","properties":{"name":"Glenn County"},"arcs":[[-34,38,39,-35,-26]]},{"type":"Polygon","properties":{"name":"Sierra County"},"arcs":[[-19,40,41,42,-28]]},{"type":"Polygon","properties":{"name":"Yuba County"},"arcs":[[-43,43,44,45,-31,-29]]},{"type":"Polygon","properties":{"name":"Lake County"},"arcs":[[46,47,48,49,-36,-40]]},{"type":"Polygon","properties":{"name":"Nevada County"},"arcs":[[50,51,-44,-42]]},{"type":"Polygon","properties":{"name":"Colusa County"},"arcs":[[-33,52,53,-47,-39]]},{"type":"Polygon","properties":{"name":"Placer County"},"arcs":[[54,55,56,57,-45,-52]]},{"type":"Polygon","properties":{"name":"Sutter County"},"arcs":[[-46,-58,58,59,-53,-32]]},{"type":"Polygon","properties":{"name":"El Dorado County"},"arcs":[[60,61,62,63,-56]]},{"type":"Polygon","properties":{"name":"Alpine County"},"arcs":[[64,65,66,67,-62,68]]},{"type":"Polygon","properties":{"name":"Yolo County"},"arcs":[[-60,69,70,71,-48,-54]]},{"type":"Polygon","properties":{"name":"Napa County"},"arcs":[[72,73,74,75,76,-49,-72]]},{"type":"Polygon","properties":{"name":"Sonoma County"},"arcs":[[-50,-77,77,78,79,-37]]},{"type":"MultiPolygon","properties":{"name":"Sacramento County"},"arcs":[[[80]],[[81,82,83,84,-70,-59,-57,-64]]]},{"type":"Polygon","properties":{"name":"Mono County"},"arcs":[[85,86,87,88,-65,89]]},{"type":"Polygon","properties":{"name":"Amador County"},"arcs":[[-68,90,91,-82,-63]]},{"type":"MultiPolygon","properties":{"name":"Solano County"},"arcs":[[[92]],[[93]],[[94,-75]],[[-85,95,-73,-71]]]},{"type":"Polygon","properties":{"name":"Calaveras County"},"arcs":[[96,97,98,-91,-67]]},{"type":"Polygon","properties":{"name":"Tuolumne County"},"arcs":[[-89,99,100,101,-97,-66]]},{"type":"MultiPolygon","properties":{"name":"Marin County"},"arcs":[[[102]],[[103,-79]]]},{"type":"Polygon","properties":{"name":"San Joaquin County"},"arcs":[[-92,-99,104,105,106,107,-83]]},{"type":"MultiPolygon","properties":{"name":"Contra Costa County"},"arcs":[[[108]],[[109]],[[-107,110,111]]]},{"type":"Polygon","properties":{"name":"Stanislaus County"},"arcs":[[112,113,114,-105,-98,-102]]},{"type":"MultiPolygon","properties":{"name":"Alameda County"},"arcs":[[[115]],[[-106,-115,116,117,-111]]]},{"type":"Polygon","properties":{"name":"Mariposa County"},"arcs":[[118,119,-101]]},{"type":"MultiPolygon","properties":{"name":"San Francisco County"},"arcs":[[[120,121]]]},{"type":"Polygon","properties":{"name":"Madera County"},"arcs":[[-88,122,123,-119,-100]]},{"type":"Polygon","properties":{"name":"San Mateo County"},"arcs":[[124,125,126,127,-121]]},{"type":"Polygon","properties":{"name":"Merced County"},"arcs":[[-124,128,129,130,-113,-120]]},{"type":"Polygon","properties":{"name":"Fresno County"},"arcs":[[131,132,133,134,135,-129,-123,-87]]},{"type":"Polygon","properties":{"name":"Santa Clara County"},"arcs":[[-114,-131,136,137,-126,138,-117]]},{"type":"Polygon","properties":{"name":"Inyo County"},"arcs":[[139,140,141,142,-132,-86]]},{"type":"Polygon","properties":{"name":"Santa Cruz County"},"arcs":[[143,144,145,-127,-138]]},{"type":"Polygon","properties":{"name":"San Benito County"},"arcs":[[-130,-136,146,-144,-137]]},{"type":"Polygon","properties":{"name":"Monterey County"},"arcs":[[-147,-135,147,148,149,-145]]},{"type":"Polygon","properties":{"name":"Tulare County"},"arcs":[[150,151,-133,-143]]},{"type":"Polygon","properties":{"name":"Kings County"},"arcs":[[152,153,-148,-134,-152]]},{"type":"Polygon","properties":{"name":"San Bernardino County"},"arcs":[[154,155,156,157,-141,158]]},{"type":"Polygon","properties":{"name":"San Luis Obispo County"},"arcs":[[-154,159,160,161,-149]]},{"type":"Polygon","properties":{"name":"Kern County"},"arcs":[[-158,162,163,164,-160,-153,-151,-142]]},{"type":"MultiPolygon","properties":{"name":"Santa Barbara County"},"arcs":[[[165]],[[166]],[[167]],[[168]],[[-165,169,170,-161]]]},{"type":"MultiPolygon","properties":{"name":"Ventura County"},"arcs":[[[171]],[[172,-170,-164,173]]]},{"type":"MultiPolygon","properties":{"name":"Los Angeles County"},"arcs":[[[174]],[[175]],[[176]],[[-157,177,178,-174,-163]]]},{"type":"Polygon","properties":{"name":"Riverside County"},"arcs":[[179,180,181,-155,182]]},{"type":"MultiPolygon","properties":{"name":"Orange County"},"arcs":[[[-156,-182,183,184,-178]]]},{"type":"MultiPolygon","properties":{"name":"San Diego County"},"arcs":[[[185]],[[186,187,-184,-181]]]},{"type":"Polygon","properties":{"name":"Imperial County"},"arcs":[[-187,-180,188]]}]}},"arcs":[[[2776,9933],[-1,-50],[-8,0],[-2,-72],[-1,-110],[7,0],[-6,-314],[0,-118],[-3,-192]],[[2762,9077],[-170,2],[-146,3],[-54,0],[-119,3],[-116,1],[-162,6],[-91,-1],[-108,3]],[[1796,9094],[3,10],[-24,23],[9,14],[-4,10],[9,10],[-5,34],[15,18],[-1,14],[19,11],[-19,13],[-4,12],[-27,-2],[-5,14],[-27,15],[-13,-9],[3,-24],[-7,-10],[-43,5],[-12,-8],[2,-19],[-9,-16],[-9,3],[-16,-14],[-30,-4],[-10,-13],[-4,-16],[-25,-4],[-20,-11],[-4,-13],[-20,-15],[-24,7],[-17,-9],[-38,6],[-45,-28],[-24,4],[9,-32],[-13,-12],[4,-17],[-14,-11],[3,-25],[27,-20],[12,2],[26,-46],[-6,-16],[-14,-20],[-20,-2],[-11,16],[-25,8],[-54,-8],[-7,32],[-20,20],[-25,7],[-12,17],[-29,5],[-11,-4],[-29,4],[-18,-6],[-32,5],[-17,21],[-4,14],[-27,35],[-28,4],[-7,12],[-19,9],[-26,-12],[-14,25],[-8,6]],[[961,9113],[-9,19],[-14,16],[0,11],[-18,15],[11,13],[0,27],[-16,8],[6,11],[-7,29],[-13,12],[-1,24],[7,14],[-21,17],[-148,4]],[[738,9333],[4,14],[14,5],[-1,26],[21,7],[11,30],[-14,6],[-7,15],[-5,44],[-9,18],[-30,7],[-5,14],[11,14],[-4,25],[-25,-3],[-5,5],[23,39],[14,0],[-7,35],[23,25],[7,23],[-5,19],[-11,7],[-4,48],[13,13],[-16,7],[-10,28],[28,6],[10,21],[10,4],[0,20],[11,12],[30,-11],[13,24],[26,-2],[11,13],[0,14],[20,26],[-4,34],[21,14]],[[897,9979],[76,-1],[52,-5],[83,0],[108,3],[19,2],[85,-9],[126,-4],[111,-1],[117,-3],[152,1],[118,-2],[85,-4],[105,-2],[125,-6],[57,-1],[355,-12],[105,-2]],[[738,9333],[-100,3],[3,89],[-269,8]],[[372,9433],[-12,48],[4,31],[19,3],[-30,11],[-8,17],[1,36],[-12,15],[-3,25],[-12,18],[-4,17],[-3,43],[-19,32],[-22,9],[-6,-7],[-50,41],[16,21],[14,26],[13,42],[9,35],[4,40],[-6,12],[7,22],[-5,29],[191,-10],[132,-4],[36,-3],[80,0],[63,-5],[28,4],[100,-2]],[[4091,9069],[-308,0],[-38,1],[-175,0],[-343,4],[-62,-1],[-202,3],[-95,0]],[[2868,9076],[-106,1]],[[2776,9933],[71,-2],[108,0],[86,-2],[110,-5],[204,0],[100,-1],[48,-2],[133,1],[12,-1],[220,-1],[223,2],[0,-347],[0,-506]],[[961,9113],[-4,-9],[-21,-9],[2,-46],[-14,-30],[-20,6],[0,-18],[17,-17],[20,-4],[2,-25],[12,-6],[0,-18],[-19,-8],[-11,-32],[-14,-8],[4,-20],[-26,-14],[-9,-18],[-28,7],[-7,10],[-20,4],[3,7],[-19,11],[-6,-11],[-21,-12],[-30,3],[7,-7],[9,-47],[11,-20],[11,-2],[1,-15],[13,-15],[-8,-6],[11,-17],[0,-14],[-10,2],[14,-25],[-2,-26],[9,-19],[-25,-460],[-2,-79],[-9,-228]],[[782,7878],[-279,10],[-43,0],[-126,5]],[[334,7893],[-27,24],[-23,8],[2,35],[-7,17],[-19,26],[-19,11],[-53,21],[-26,35],[-69,48],[-30,34],[-31,25],[0,17],[18,40],[-14,36],[1,21],[-8,29],[-16,14],[-13,33],[17,34],[10,28],[-3,7],[76,141],[5,-19],[17,10],[-19,13],[24,39],[28,37],[24,38],[7,-9],[-31,-30],[-12,-21],[46,-15],[-3,15],[10,5],[-8,19],[25,29],[4,29],[12,22],[35,10],[13,-7],[40,18],[5,26],[-14,12],[-15,-6],[-28,22],[9,4],[9,21],[-21,-23],[0,-17],[-16,-17],[-5,-17],[-14,-13],[-14,-32],[-24,-24],[-8,8],[17,22],[52,80],[39,91],[18,77],[-12,23],[-28,22],[2,23],[-7,13],[7,43],[15,3],[14,28],[24,58],[7,38],[33,118],[10,64],[0,26]],[[1796,9094],[21,-7],[26,-19],[-4,-43],[-9,-23],[-27,-9],[-25,2],[-23,-16],[15,-17],[-6,-12],[-1,-33],[-9,-12],[-17,1],[-8,-15],[-35,-17],[-7,-16],[5,-15],[-10,-21],[11,-23],[-9,-17],[-14,-4],[-17,-37],[-11,-2],[-11,-20],[8,-14],[-3,-22],[-12,-17],[-28,-14],[-19,-19],[12,-14],[-16,-33],[-20,0],[-7,-11],[21,-35],[-8,-14],[24,-9],[8,-64],[-22,7],[-23,-22],[-17,2],[-21,-18],[-7,-25],[-48,-8],[-11,-24],[-27,-7],[-18,-31],[-27,1],[-9,-19],[-15,-6],[-39,-2],[-1,-26],[-19,-10],[0,-12],[-20,-9],[-7,-17],[-16,-1],[-5,-16],[0,-46]],[[1239,8164],[19,-24],[25,-2],[30,-16],[8,-10],[-3,-35],[7,-21],[-14,-15],[-4,-26],[17,-9],[-2,-25],[7,-13],[-11,-25],[21,-29],[-7,-38],[3,-17],[13,-10],[2,-13]],[[1350,7836],[-276,7],[-136,5],[-158,4],[2,26]],[[4091,9069],[2,-603],[0,-538],[-2,-207],[-1,-191]],[[4090,7530],[-14,0],[0,-15],[-104,1],[-19,-2]],[[3953,7514],[0,31],[18,-2],[0,17],[15,16],[4,28],[0,93],[8,0],[0,31],[-10,0],[0,31],[-16,0],[-34,29],[0,17],[-9,0],[-9,31],[-17,1],[0,30],[-10,1],[2,45],[-34,0],[0,23],[-18,0],[-2,9],[-69,-2],[0,9],[-35,7],[1,12],[-28,7],[0,16],[-34,15],[1,16],[-9,14],[-27,0],[-8,32],[-17,0],[0,15],[-37,7],[0,8],[-25,1],[0,21],[-42,2],[0,8],[-19,0],[-8,15],[-70,1],[0,8],[-35,1],[-9,-16],[-21,0],[0,-25],[-35,-7],[-19,-30],[-16,0],[-1,-44],[-18,-8],[-35,0],[1,15],[-18,1],[1,15],[-53,0],[0,15],[-35,0],[0,23],[-19,0],[2,62],[1,138],[-247,2]],[[2859,8299],[1,48],[4,7],[7,293],[1,118],[2,18],[-13,0],[3,17],[2,114],[0,92],[2,70]],[[2859,8299],[-18,5],[-16,-4],[-124,1]],[[2701,8301],[-63,1],[-18,-12],[-23,5],[-33,-3],[-35,19],[-33,-3],[-14,-14],[-28,1],[-41,10],[-24,-8],[-14,6],[-29,-7],[-19,-15],[-15,5],[-20,-10],[-67,13],[-29,-9],[-11,3],[-24,-8],[-18,3],[-85,-28],[-14,-9],[-21,12],[-24,-1],[-4,-9],[-25,-3],[-12,5],[-12,-9],[-25,4],[-70,1],[-5,6],[-21,-6],[-21,2],[-8,10],[-26,-2],[-6,8],[-35,-7],[-18,-16],[-17,2],[-28,-22],[-38,-18],[-37,12],[-18,10],[-20,-1],[-8,20],[-44,-9],[-20,0],[-39,-11],[-24,5],[-29,-31],[-19,-12],[-7,8],[-15,-3],[-33,4],[-38,-9],[-14,-13],[-24,-4]],[[2701,8301],[0,-12],[19,-8],[-7,-43],[8,-13],[-5,-13],[10,-12],[37,0],[18,-9],[25,-2],[35,-36],[-12,-11],[-18,2],[22,-23],[1,-15],[-15,-17],[4,-20],[-5,-15],[-19,-3],[-20,-19],[-28,5],[-7,-20],[0,-27]],[[2744,7990],[0,-22],[-8,-9],[-27,1],[-17,-22],[-79,0],[-10,-6],[-1,-42],[-13,0],[-25,-29],[-1,-30],[-9,-15],[-54,2],[-21,-17],[-20,-30],[-5,-33],[-24,-19],[-28,1],[3,-5],[-76,-1],[-147,3],[-28,-45],[11,-13],[-7,-19],[17,-13]],[[2175,7627],[-80,0],[-27,5],[-304,5],[-125,3],[-128,5],[-83,1],[-87,0]],[[1341,7646],[-6,4],[-3,32],[-10,13],[9,26],[1,41],[28,7],[10,18],[-14,14],[3,15],[-9,20]],[[3953,7514],[-17,1],[-166,0],[-117,-1],[0,-3],[-175,3],[-6,-20],[-19,-10],[-31,29],[-20,4],[-15,12],[-30,-10],[-25,12],[-5,25],[-24,3],[-4,10],[-25,21],[-20,-16],[-18,-5],[-21,-19],[0,-36],[-16,-33],[-27,-25],[-28,-11]],[[3144,7445],[-63,-41]],[[3081,7404],[-13,6],[-7,20],[-38,7],[1,31],[-17,0],[-14,15],[-1,18],[-16,4],[0,9],[-18,0],[-2,26],[-16,1],[-2,13],[-18,1],[-1,14],[-16,2],[0,16],[-16,0],[1,13],[-29,17],[-1,16],[-12,0],[-1,13],[-16,2],[-10,16],[0,15],[-20,0],[-27,17],[0,30],[-17,0],[1,16],[16,0],[-7,14],[0,31],[9,0],[1,31],[-10,0],[0,28],[19,16],[0,23],[21,0],[0,19],[12,-1],[0,18],[-11,0],[0,22],[-25,8],[1,37],[-38,2]],[[3081,7404],[-2,-12],[-27,-1],[0,-18],[-30,-4],[-10,-8],[0,-30],[-12,-9],[-23,1],[-6,8],[-47,0],[-1,-15],[-31,1],[0,6],[-27,1],[0,-22],[-10,-24],[-21,-10],[-10,-22],[10,-23],[-15,-8],[-20,-50],[-27,-19],[-7,-11],[-24,-2],[-15,-8],[-25,4],[-12,-17],[-42,2],[-18,-11],[-23,4],[-20,-3],[-15,12],[-11,-24]],[[2560,7092],[-5,11],[-133,-1],[-130,3]],[[2292,7105],[6,28],[8,8],[-4,20],[14,17],[-6,10]],[[2310,7188],[13,40],[9,45],[-7,32],[4,23],[22,22],[-81,0],[-33,-7],[-20,6],[-8,26],[8,24],[-1,19],[17,15],[-13,16],[7,17],[18,3],[-11,16],[-15,0],[34,13],[17,25],[-9,33],[-10,-15],[-1,25],[-18,-6],[-16,21],[-15,7],[-13,18],[8,21],[-21,0]],[[1341,7646],[-2,-51],[24,0],[0,-40],[17,-1],[-3,-136]],[[1377,7418],[-1,-55],[-45,3],[0,-16],[-82,5],[0,-8],[-20,0],[-18,-8],[-3,-54],[-7,1],[-5,-46],[18,-2],[-3,-29],[11,0],[-3,-16],[10,-1],[0,-29],[6,-15],[10,0],[-1,-47],[14,0],[-2,-22],[10,-1],[-1,-21],[-16,0],[-3,-16],[-27,-29],[-5,-19],[-32,1],[-2,-38],[-7,1],[3,-47],[-10,0],[0,-24],[25,-7],[7,-16],[2,-31],[25,-16],[0,-11],[38,0],[0,-15],[10,0],[-3,-39],[9,-15],[18,-9],[0,-25],[35,0],[16,-6],[0,-16],[32,-16],[18,0],[0,-10],[19,-1],[1,-8]],[[1418,6645],[-112,3],[-80,5],[-56,1],[-1,-14],[-56,2],[0,-32],[-108,3],[-112,0],[-3,-30],[-59,1],[-62,5],[-22,-21],[-10,11]],[[737,6579],[-44,37],[-15,6],[-6,13],[-38,29],[-13,29],[-18,10],[-22,22],[-7,15],[-15,3],[2,17],[-11,20],[9,2],[20,26],[23,52],[-26,97],[0,13],[-14,6],[3,19],[-17,19],[-5,16],[-12,6],[4,21],[-11,16],[5,10],[-10,15],[-5,20],[-9,6],[9,24],[-16,6],[11,9],[-23,34],[3,23],[7,8],[-3,31],[10,12],[-5,23],[18,49],[18,23],[20,53],[-18,34],[5,23],[-1,48],[-5,28],[-14,27],[-18,12],[-7,33],[1,41],[-11,43],[-27,16],[-23,19],[-19,48],[-22,16],[-28,50],[-33,36]],[[2310,7188],[-107,3],[2,30],[-127,4],[0,-30],[-75,2],[-282,5],[-62,2],[-148,1]],[[1511,7205],[13,143],[-4,14],[2,52],[-145,4]],[[4090,7530],[-2,-289]],[[4088,7241],[-473,0],[-26,17],[-1,21],[-13,12],[-11,23],[-27,8],[-31,-2],[-34,4],[-55,-38],[3,-7],[-28,-16],[-12,-16],[-22,-1],[-29,-15],[-26,5],[-26,-11],[-47,-10],[-40,-4],[-21,2],[-17,-5],[-22,-19]],[[3130,7189],[-9,127],[-12,-1],[-13,27],[33,20],[15,83]],[[3130,7189],[-20,-7],[-7,7],[-36,-1],[-13,-12],[-24,-2],[-26,-31],[-4,-16],[-22,4],[-14,-9],[-10,-18],[4,-10],[-18,-21],[-23,0],[-21,-11],[6,-18],[-20,-30],[-2,-202]],[[2880,6812],[-25,20],[-32,-17],[-25,-6],[-47,-35]],[[2751,6774],[-23,-5],[-18,7],[-31,-8],[-39,-19],[-13,1],[-8,-22],[-7,0],[-20,-28],[1,38],[-7,35],[10,12],[-19,7],[5,13],[-13,16],[-1,20],[23,32],[-2,13],[-12,-1],[4,26],[-17,46],[4,23],[-14,16],[13,9],[-2,17],[-9,-2],[-9,19],[1,15],[14,4],[-9,30],[7,4]],[[1511,7205],[-42,1],[39,-18],[0,-8],[-22,-25],[-12,-22],[20,-34],[26,-13],[12,-15],[20,-11],[14,-17],[-4,-7],[29,-12],[24,10],[13,-8],[25,-5],[10,-9],[53,3],[0,-11],[14,-8],[6,-15],[15,-4],[-4,-13],[6,-16],[-21,-4],[-3,-22],[12,-36],[-5,-35],[22,-5],[26,-28],[22,-3],[5,-13],[-10,-19],[7,-28],[43,-30],[23,-12]],[[1874,6713],[-62,2],[-15,-22],[22,-43]],[[1819,6650],[-7,-8],[25,-32],[-5,-26],[-17,4],[-12,-19],[5,-14],[-10,-4],[-48,-67],[-52,-11],[-105,-25]],[[1593,6448],[-18,42],[-43,5],[-7,20],[-10,3],[0,20],[-7,3],[-24,35],[0,14],[-46,43],[-15,0],[-5,12]],[[4088,7241],[-4,-139]],[[4084,7102],[-588,0],[-38,-5],[-53,-22],[-57,-47],[-63,-34],[-17,-33],[-25,-4],[-47,-33],[-3,-7],[-36,-27],[-1,-29],[-7,-3],[-12,-30],[-21,-16],[-7,-22],[-28,-11],[-22,10],[-12,-3],[-31,28],[-48,-26],[-10,4],[-22,-5],[-12,14],[-44,11]],[[2292,7105],[-12,-23],[-20,-20],[-7,-24],[17,-44],[-16,-18],[10,-21],[14,-9],[0,-12],[-17,2],[0,-14],[23,-7],[4,-22],[13,-13],[2,-17],[26,-9],[13,5],[9,-9],[0,-20],[14,-16],[-3,-19],[29,-15],[-7,-9],[-16,0],[-1,-13],[-13,-7],[-6,-15],[8,-20],[-5,-12]],[[2351,6704],[-194,5],[-134,2],[-148,1],[-1,1]],[[4084,7102],[5,-262]],[[4089,6840],[-134,0],[-10,-6],[0,-15],[-27,-16],[-53,0],[-1,-9],[-28,0],[-159,5],[-16,-35],[2,-8],[-38,-45],[-19,-14],[-32,-4],[-11,-13],[-26,7],[-10,16],[-15,7],[-40,6],[-28,22],[-1,20],[-20,-7],[-29,21],[-30,9],[-30,-14],[-14,3],[-15,-12],[-4,-16],[-15,5],[-2,-18],[-12,-5],[-28,4],[-19,-3],[-20,10],[-3,-30],[-19,3],[-32,-12],[-7,-9],[-35,-1],[-17,-19],[9,-9],[-16,-7],[7,-18],[-7,-23],[-26,-13],[2,-17],[-15,-1],[-2,-31],[-17,-22],[3,-7],[-17,-48],[-10,0]],[[3003,6471],[-240,20],[-83,8]],[[2680,6499],[1,17],[14,0],[1,65],[4,119],[51,0],[0,74]],[[2680,6499],[-22,1],[-90,0]],[[2568,6500],[9,19],[-9,28],[-20,7],[-9,-19],[-30,1],[7,-14],[-34,15],[7,7],[-12,30],[-22,3],[0,20],[-7,10],[3,26],[-28,11],[-24,-12],[-17,8],[-12,13],[11,26],[-3,14],[-27,11]],[[4089,6840],[1,-71],[92,-71]],[[4182,6698],[16,-16],[7,-19],[-4,-39],[-22,-10],[-1,-18],[-33,-38],[-6,-20],[-14,-6],[-104,-77]],[[4021,6455],[-5,6],[-30,-2],[-14,-17],[7,-10],[-17,-26],[-7,-19],[-14,-4],[-55,-5],[-7,-33],[-8,-10],[-19,-5],[-14,-23],[-30,-7],[-19,-12],[-38,4],[-18,-2],[-54,-19],[-52,-6],[-22,-10],[-45,0],[-21,-8],[-48,0],[-45,15],[-6,10],[-34,16],[-3,6],[-24,0],[-14,8],[-22,-4],[-9,7],[-28,2],[-17,-3],[-21,-14],[0,-9],[-18,4],[-7,-14],[-13,7],[-21,-17],[-12,14],[-7,-5],[-46,-10],[-11,7],[-19,-12]],[[3114,6255],[-26,69],[-59,150],[-16,-10],[-10,7]],[[4489,6464],[-19,-43],[-10,-3],[-7,-66],[23,-14],[10,-41],[14,-11],[14,-26],[-3,-12],[15,-7],[-2,-25],[-12,-10],[2,-15],[-12,-17],[5,-28],[-21,-13],[-16,9],[-19,-12],[14,-29],[-24,-14],[2,-18],[-7,-9]],[[4436,6060],[-29,21],[-31,19],[7,20],[-14,35],[-42,0],[-21,-12],[-26,-5],[-12,-15],[-23,-5],[-39,-24],[-134,82]],[[4072,6176],[-31,17],[-20,-7],[0,66]],[[4021,6252],[0,203]],[[4182,6698],[307,-234]],[[2568,6500],[-4,-17],[-23,-22],[-1,-19],[38,-39],[19,7],[7,-8],[2,-27],[14,-19],[23,6],[14,-19],[-11,-17],[6,-28],[-19,-17],[6,-7],[-28,-8],[-6,-14],[14,-24],[35,-6],[5,-16],[-4,-19],[-22,-3],[-1,-11],[13,-21],[2,-14],[-11,-12],[3,-19],[-16,-15],[-19,-4],[-19,-17],[-6,4],[-16,-19]],[[2563,6056],[-91,4],[3,182],[0,39],[-17,13],[-22,0],[-26,-11],[-8,6],[-13,-9],[-26,3],[-41,14],[-26,1],[-21,-9],[-31,4],[-25,-12],[-13,-14],[-35,-19],[-14,3],[-27,24],[-43,0]],[[2087,6275],[-31,100],[-12,16],[-14,-5],[4,20],[-5,20],[-24,9],[-9,14],[-5,19],[-10,0],[-5,34],[-22,30],[-5,31],[-13,19],[-15,40],[-26,0],[-10,7],[-25,-9],[-27,14],[-14,16]],[[2087,6275],[-5,-26],[-16,-42],[-3,-25],[36,-46],[15,-30],[8,-28],[-4,-12],[-137,3],[7,-9],[-1,-19],[11,-19],[-22,2],[-1,-15],[19,-3],[-19,-8],[15,-18],[1,-21],[-10,-3],[-11,-30],[20,-17],[-2,-9],[-93,1]],[[1895,5901],[9,25],[-10,6],[-27,1],[26,-16],[-5,-14]],[[1888,5903],[-100,1]],[[1788,5904],[-1,2]],[[1787,5906],[14,4],[23,-4],[1,26],[11,0],[0,44],[-9,22],[-22,17],[3,14],[-16,7],[2,19],[9,7],[-13,16],[-5,16],[-41,35],[11,12],[-18,11],[-8,21],[-18,15],[14,26],[-24,9],[-9,16],[-13,-1],[-13,29],[1,24],[-21,6],[-14,26],[-36,12],[-23,41],[16,24],[-4,16],[9,13],[-1,19]],[[1787,5906],[4,-22],[-41,-22],[-11,5],[-35,-7],[-16,9],[-7,19],[-28,22]],[[1653,5910],[-9,1],[-12,29],[-24,3],[-10,-8],[-42,1],[-17,10],[-38,7],[-17,12],[-14,1],[-152,119],[-42,-5],[-17,8],[-36,-22]],[[1223,6066],[-36,22],[2,6],[-19,16],[3,-19],[-10,-17],[-11,22],[10,21],[0,18],[-15,32],[-11,4],[-4,20],[-12,11],[-13,30],[-33,25],[-65,40],[-19,3],[-11,17],[-34,22],[-2,8],[-25,11],[-14,34],[-21,11],[4,7],[-18,17],[-20,36],[-48,60],[-29,21],[-28,14],[-7,21]],[[2378,5761],[17,-2],[-42,-6],[-16,11],[-8,31],[35,-11],[-6,-12],[20,-11]],[[3114,6255],[2,-68],[-1,-103],[-2,-51]],[[3113,6033],[-25,-7],[-16,9],[-26,-18],[-34,-5],[-26,-8],[-16,-15],[-30,-6],[-48,-1],[-27,3],[-12,-11],[-50,-11],[-4,3],[-43,-3],[-26,12],[-6,16],[-42,7],[-22,-34],[-12,-5],[-4,-21],[-17,-8],[4,-24],[-12,-22],[-22,-9],[2,-6],[-21,-10],[-3,-14],[9,-5]],[[2584,5840],[6,-12],[-34,11],[-21,-3],[-15,-15],[-20,9],[-23,-13],[2,-23],[-16,-15],[-47,-20],[-38,11],[-6,18],[54,28],[25,-1],[6,20],[18,30],[6,22],[24,32]],[[2505,5919],[44,18],[9,20],[-1,78],[6,21]],[[6184,5171],[-4,1],[-226,-5],[-319,-6],[-337,-5],[-23,-1]],[[5275,5155],[-21,27],[-18,-1],[-34,-13],[-10,26],[-20,9],[-10,17],[-26,26],[-13,-1],[-17,16],[-26,-9],[-46,30]],[[5034,5282],[-12,20],[2,23],[-16,14],[-12,20],[-1,17],[-13,19],[-21,15],[-21,24],[-31,2],[-19,6],[-30,-5],[-16,-21],[-21,14],[-17,-3],[-11,15]],[[4795,5442],[13,8],[10,23],[22,11],[16,15],[0,18],[-12,10],[20,26],[-20,4],[2,25],[12,18],[-35,24],[-28,2],[2,14],[-24,7],[-16,13],[-16,27],[12,31],[4,25],[-6,21],[-24,21],[-14,22],[-28,7],[-15,14],[-27,1],[-7,8],[-9,-20],[-20,0],[1,12],[-12,11],[3,11],[-18,4],[-1,12],[-13,15],[-3,-22],[-26,8],[-14,-1],[1,11],[-29,6],[-10,26],[-11,-3],[-32,19],[7,7],[0,22],[15,4],[-12,24],[8,5],[-35,28],[6,7],[-2,31],[6,6]],[[4489,6464],[82,-63],[320,-243],[351,-268],[98,-75],[384,-293],[107,-81],[208,-160],[145,-110]],[[4021,6252],[-33,-6],[-10,-8],[-60,-2],[-27,6],[-30,-16],[-20,2],[-15,-12],[-17,1],[-40,-9],[-31,-2],[-42,3],[-2,6],[-24,-11],[-7,-13],[-36,-6],[-8,5],[-27,-29],[-48,-9],[0,-13],[-34,-3],[-8,-22],[7,-7],[-18,-16],[-3,-16],[-24,-10],[-18,0],[-10,-10],[-54,-16],[-11,-16],[-53,-2],[-22,-20],[-15,-5],[-9,-18],[-23,-6],[-15,-21],[-21,10],[-18,-10],[-16,6],[-19,-8],[-19,8]],[[3141,5957],[-28,76]],[[2164,5824],[10,-5],[-10,-9],[-13,3],[-14,20],[27,-9]],[[2438,5816],[-11,1],[25,19],[-5,-19],[-9,-1]],[[1888,5903],[17,-19],[-3,-18],[10,-17],[24,-30],[-4,-8],[-21,-3],[-17,29],[-24,22],[-38,16],[-10,10],[-25,6],[-9,13]],[[2505,5919],[-5,5],[-27,-33],[-7,-24],[-16,-21],[-31,-23],[-57,-28],[-36,15],[-24,-5],[-14,-15],[-20,-6],[-28,1],[23,25],[-4,7],[-60,-9],[-9,13],[-33,11],[33,20],[-10,21],[-13,8],[-46,-6],[-18,-13],[5,-19],[-35,-28],[-26,-34],[-29,1],[-1,8],[-23,19],[-7,-11],[-10,8],[-21,-1],[-43,53],[-2,11],[9,16],[-25,16]],[[4072,6176],[-5,-11],[-39,-13],[-21,-13],[-47,-7],[-36,-21],[-28,-45],[-24,-20],[-7,-16],[-36,-35],[-17,-34],[-10,-4],[-23,-35],[-48,-57],[3,-4],[-15,-25],[-21,-13],[0,-13],[-20,-31],[-9,-1],[-22,-39],[0,-12],[-37,-4],[0,-12],[-31,-3],[19,-36],[-22,-16],[-6,-25],[-19,-7],[-10,-19],[-22,-5],[-9,-17],[-29,-14],[-3,-13],[-15,-17]],[[3463,5539],[-259,261]],[[3204,5800],[-13,11],[-46,127],[-4,19]],[[4795,5442],[-19,6],[-7,26],[-14,9]],[[4755,5483],[-2,15],[-42,20],[2,15],[-19,7],[-3,9],[-25,-7],[-5,21],[-18,10],[-16,-5],[-12,11],[-19,-15],[-28,13],[-21,19],[-8,17],[-28,0],[-23,-13],[1,-18],[-12,-13],[-29,-15],[-18,0],[-10,-14],[7,-14],[-14,-19],[-25,-3],[-7,-11],[-14,4],[-33,-12],[-3,-9],[-18,-2],[-36,-17],[-34,15],[-8,-12],[-13,14],[-19,-11],[-23,-3],[-36,7],[-19,19],[-32,13],[-28,17],[-26,1],[-4,11],[-19,6],[-12,-19],[-35,-30],[-40,9],[-7,8],[-13,-32],[-35,-6],[-14,2],[0,-11],[-17,-7],[-3,-14],[-21,13],[-5,-17],[-18,6],[-13,-8],[-25,-3],[14,-29],[24,-33],[-4,-11],[-15,-7],[-27,28],[-37,9],[-3,-17],[19,-18],[-12,-17]],[[3717,5330],[-63,51],[-191,158]],[[1764,5592],[2,-7],[-27,9],[15,11],[10,-13]],[[1653,5910],[27,-24],[14,-27],[14,-5],[3,-37],[-17,-42],[0,-16],[34,-15],[15,-19],[-21,0],[-13,-14],[-10,-1],[2,-34],[-15,6],[1,-15],[27,-17],[0,-9],[23,-11],[11,-13],[-12,-12],[-18,-2],[-2,11],[-15,17],[-11,0],[1,-18],[-23,7],[25,-20],[16,-8],[6,-23],[-8,-11],[-48,-6],[-30,35],[-19,7],[-20,19],[-16,2],[-42,35],[-7,13],[-20,13],[17,-22],[-28,-19],[-24,11],[-7,23],[-45,25],[-11,30],[-23,22],[-32,22],[-18,8],[-47,5],[15,4],[-30,10],[12,22],[-11,19],[-1,-16],[-12,-4],[10,-24],[-4,-7],[-27,-10],[-9,-24],[-37,-2],[11,14],[29,60],[27,65],[7,36],[-14,25],[0,14],[-12,15],[-15,29],[23,-18],[21,-31],[15,-8],[26,-45],[53,-59],[18,-4],[-11,17],[-25,18],[3,8],[-24,23],[-28,51],[-4,23],[-28,-1],[1,15],[-17,2],[4,18],[-8,22],[-10,4],[-12,24]],[[3204,5800],[0,-144],[-1,-26],[0,-168],[-4,-20],[-27,1],[-39,24],[-17,-12],[-4,7],[-11,-16],[-58,1],[-4,-7],[-19,8],[-6,-19],[-36,-4],[-9,-21],[-15,4],[-1,-16],[-19,9],[-21,-13],[-7,-22],[-15,2],[-29,-28],[-194,-162]],[[2668,5178],[4,8],[-24,14],[-9,25],[-19,-1],[-34,18],[5,170],[1,121]],[[2592,5533],[7,20],[14,16],[-15,12],[-9,-8],[-18,18],[8,35],[16,19],[-10,24],[1,15],[-14,19],[3,35],[17,5],[-10,23],[-10,3]],[[2572,5769],[6,29],[15,0],[15,-13],[8,9],[2,-19],[15,-28],[-4,23],[11,13],[-17,0],[-5,15],[-19,-8],[0,12],[-13,9],[-1,12],[11,7],[-12,10]],[[2312,5764],[-24,7],[18,8],[6,-15]],[[2323,5759],[-16,23],[9,8],[7,-31]],[[2592,5533],[-215,-55],[-175,-43],[-48,31],[14,17],[-15,18],[-30,19],[-84,8],[-24,15],[-9,-4],[-17,8],[2,14],[-35,33],[-6,16],[-14,1],[-23,26],[-21,-7],[-22,0]],[[1870,5630],[-10,-2],[-7,15],[-22,6],[-11,-10],[-24,6],[2,11],[-25,17],[2,8],[-15,23],[28,-14],[16,24],[9,-1],[12,17],[-6,22],[35,-12],[14,11],[16,-2],[17,13],[21,30],[17,6],[29,-1],[23,-6],[20,-25],[22,-8],[31,16],[36,10],[23,1],[21,9],[37,-5],[14,-7],[23,0],[68,-16],[63,-17],[36,-5],[42,5],[23,-15],[1,9],[17,-4],[-1,13],[-15,-4],[-15,7],[18,9],[17,18],[13,6],[-1,29],[15,7],[10,-7],[23,2],[4,10],[17,3],[24,-8],[5,-21],[-21,-9],[-26,-18],[-13,-4],[28,-26],[21,10],[1,13]],[[3717,5330],[-118,-50],[-97,-42],[-197,-83],[-167,-69],[-9,-13],[16,-10],[0,-30],[11,-6],[-255,-215]],[[2901,4812],[-12,20],[-21,2],[-21,27],[-17,-18],[-27,0],[-33,20],[-17,-18],[-4,-15],[-12,-4],[-17,25],[4,11],[-11,40],[-19,11],[-14,21],[2,28],[-4,7],[15,13],[16,-1],[20,16],[-2,21],[-14,30],[11,32],[-42,7],[0,12],[-15,17],[11,19],[-3,13],[-21,22],[14,8]],[[2668,5178],[0,0]],[[1870,5518],[31,-1],[48,-28],[-7,-16],[-38,14],[-4,6],[-49,15],[-2,16],[21,-6]],[[2668,5178],[-210,4],[-73,3],[-97,2],[-23,-15],[-36,-16],[-19,15],[-28,-8],[-11,3]],[[2171,5166],[-6,7],[-56,-2],[-2,29],[-30,13],[-18,-6],[-7,11],[0,21],[-33,59],[1,21],[-14,69],[-12,12],[-13,24],[-19,6],[-4,-11],[-35,29],[-8,19],[35,4],[15,-5],[-17,26],[-20,20],[-32,9],[-21,-1],[-37,14],[20,5],[8,19],[18,0],[-3,23],[-15,40],[4,9]],[[4755,5483],[-31,-27],[-110,-98],[-121,-106],[0,-69],[-32,0],[2,-36],[-34,0],[-1,-47],[-108,0],[-229,-202],[-47,-43]],[[4044,4855],[-40,39],[-49,17],[-37,25],[-8,22],[3,10],[-16,18],[-77,118],[4,18],[-42,92],[-65,116]],[[1785,5432],[-104,3]],[[1681,5435],[-6,22],[-2,57],[28,9],[7,19],[14,-6],[60,1],[14,-19],[3,-40],[21,-25],[-1,-10],[-16,4],[-4,-14],[-14,-1]],[[5034,5282],[-111,-99],[-133,-117],[-35,-33],[2,-11],[-13,-6],[9,-8],[-19,-16],[9,-20],[-5,-21],[6,-3],[2,-28],[-7,-4],[-5,-24],[7,-11],[-12,-18],[-18,-11],[-1,-12],[-25,-21],[-17,11],[-26,2],[-9,-18],[-21,-2],[-7,-33],[-13,-1],[-10,15],[5,13],[-19,13],[-8,-2],[-7,-20],[-28,18],[-11,-8],[-4,-23],[20,0],[6,-21],[-17,-8],[-8,-27],[-37,8],[-5,-27],[-11,-20],[-17,18],[-18,-4],[0,-28],[-40,-5],[-14,-19],[-26,-22],[-2,-17],[7,-10],[-17,-9],[1,-15],[-34,-24],[1,-17],[-31,-33],[-25,11],[-7,-10],[-35,6],[-1,-5],[-29,-9],[-11,2],[-13,-14],[-23,-1],[-17,9],[-7,-11],[-23,-2],[-15,-15],[-21,7],[-18,-3],[-10,8],[-18,-11],[-37,-7],[-20,-13],[-11,7],[-21,-27],[-13,13],[-14,1],[-17,-12],[5,-9],[-75,1],[-16,7],[-12,15],[-33,-9],[-9,35],[-22,5],[-8,19],[-17,1],[-11,15],[-17,9],[0,22],[-10,5],[3,18],[13,8],[-24,27],[-3,16],[-11,13],[5,7],[-15,10],[-2,15],[-9,13],[-19,4],[-14,15],[3,18]],[[3564,4708],[63,55],[24,3],[45,14],[26,12],[21,-4],[25,7],[41,26],[14,-1],[45,11],[41,-2],[16,5],[28,-2],[33,5],[58,18]],[[1785,5432],[6,-33],[-8,-12],[20,-3],[-6,-15],[-16,-7],[30,-15],[6,-19],[-14,5],[-5,-9],[17,-14],[24,-6],[15,3],[7,-14],[47,-6],[18,-22],[41,-15],[-3,-17],[44,-26],[17,9],[11,-9],[10,-35]],[[2046,5172],[-7,-14],[-20,6],[-21,-5],[-24,-22],[-4,-20],[0,-31],[-10,-25],[24,-36],[-15,-8],[21,-8],[4,-17],[11,-9]],[[2005,4983],[0,-61],[-2,-13],[-88,3],[-2,-28],[-73,-2],[6,-40],[21,-39],[-2,-6]],[[1865,4797],[-20,11],[-15,-5],[-10,7],[3,14],[-20,19],[-7,23],[-26,12],[-12,16],[-2,24],[-9,25],[8,24],[12,74],[0,25],[-19,34],[-19,47],[-7,47],[-14,19],[-34,6],[-11,15],[-4,20],[6,17],[-5,21],[6,26],[12,2],[9,44],[-1,48],[-5,23]],[[3564,4708],[-369,-316]],[[3195,4392],[-16,11],[-200,91],[-11,30],[-10,4],[-5,17],[-16,13],[1,12],[-15,6],[-22,-2],[-12,18],[20,34]],[[2909,4626],[-28,20],[0,15],[11,18],[-16,24],[25,8],[1,17],[10,-3],[4,14],[-34,24],[14,5],[12,25],[-7,19]],[[5275,5155],[16,-23],[-12,-20],[-8,0],[-10,-31],[20,-24],[-16,-28],[46,-29],[24,12],[49,-68],[-18,-20],[-3,-16],[12,-15],[-7,-8],[16,-18],[-5,-22],[6,-15],[24,-17],[28,6],[20,-6],[9,-15],[45,-9],[23,-21],[11,3],[35,-30],[19,2],[10,-11],[-3,-15],[17,-20],[-5,-13],[16,-16],[-6,-10],[15,-16],[22,-48],[14,-21],[7,-21],[-8,-15],[8,-29],[-30,-14],[21,-37],[-7,-14],[12,-37]],[[5682,4406],[-183,-2],[0,-10],[-52,0],[-367,0],[2,-89],[-144,-1],[-169,0],[0,-90],[-161,0],[-104,-92]],[[4504,4122],[-86,-74],[-7,10],[-35,-3],[-5,-8],[-32,-2],[-7,-18],[-200,0],[-1,-229],[-204,-166],[-148,-123]],[[3779,3509],[-21,18],[2,14],[-21,12],[-3,16],[-33,5],[-17,7],[-22,-6],[-16,20],[-19,7],[-9,16],[-39,18],[-49,29],[-29,26],[7,12],[-9,12],[-13,-6],[-35,14],[-9,26],[-7,3],[2,36],[12,-2],[13,30],[8,10],[-26,28],[-24,19],[3,18]],[[3425,3891],[2,36],[19,15],[40,2],[20,11],[1,168],[-18,12],[-131,114],[-163,143]],[[2909,4626],[-199,1],[-30,31],[-18,-12],[-19,6],[-20,-25],[-4,-14],[-44,-34],[-3,-17],[-21,5]],[[2551,4567],[0,20],[-24,7],[-18,16],[-21,-8],[-18,33],[-27,5],[-2,18],[-21,11],[-14,-6],[14,19],[-17,8],[6,7],[-24,29],[-51,22],[-14,20],[-20,10],[-64,17],[-13,10],[-36,12],[-30,14],[-9,15],[-23,8],[-5,26],[-24,23],[-8,-2],[-13,14],[-23,12],[-16,26],[-24,13],[-7,17]],[[2046,5172],[28,-17],[21,-6],[28,6],[6,10],[42,1]],[[6184,5171],[316,-242],[346,-264],[239,-181],[273,-208],[305,-235],[287,-217],[253,-193],[180,-139]],[[8383,3492],[-84,-2],[2,-17],[-472,-18],[-379,-13],[-103,-2],[-435,-13],[-487,-11]],[[6425,3416],[-285,-2],[2,-13],[-84,-1]],[[6058,3400],[0,79],[25,7],[-8,14],[6,13],[-9,23],[7,12],[-8,17],[-27,13],[2,17],[12,6],[-16,27],[-14,5],[-5,19],[-14,33],[0,20],[-17,17],[2,19],[-9,27],[14,18],[-3,21],[-16,19],[-25,16],[-3,23],[-15,26],[2,17],[-10,8],[0,23],[16,10],[-4,11],[16,11],[-4,16],[-24,6],[-7,20],[-21,9],[-7,15],[19,9],[2,14],[-19,17],[-37,-6],[-19,6],[-2,25],[-15,9],[-18,23],[12,7],[-5,8],[2,23],[-12,2],[1,13],[-15,14],[-27,9],[2,31],[14,9],[-19,7],[-11,16],[-14,6],[-5,21],[-14,12],[7,10],[-15,5],[-20,20],[28,14],[-3,26],[-29,19]],[[2551,4567],[-27,-1],[-21,12],[-14,-16]],[[2489,4562],[-7,14],[-14,4],[-17,-10],[-12,15],[-15,-6],[-32,0],[-20,-22],[-21,-3],[-16,-18],[0,-13]],[[2335,4523],[-8,-4],[-52,90],[-27,27],[-17,11],[-26,6],[-37,-23],[-12,6],[-33,3],[-4,-13],[-38,-1],[-39,9],[-48,30],[-52,39],[-41,43],[-20,35],[-16,16]],[[3425,3891],[-23,20],[-48,25],[18,-37],[15,-19],[12,-49],[-8,-12],[-23,5],[-10,-6],[-17,7],[-19,26],[-16,7],[-11,16],[-27,12],[-1,15],[-34,20],[-14,-5],[-23,20],[-13,1],[-16,-32],[-17,-2],[-14,13],[-13,2],[-1,-16],[-31,-18],[-9,18],[-10,-4],[-3,54],[-152,136],[-45,59],[-25,-4],[-21,5],[-20,-3],[17,25],[-5,13],[-27,17],[-5,19],[11,4],[-1,23],[6,11],[-16,13],[-8,19],[-21,18],[-11,-3],[-31,5],[-6,16],[-15,5],[-12,-5],[-27,19],[-14,24],[31,8],[-7,23],[-13,17],[-13,5],[-15,-6],[-89,84],[-22,10],[-22,30],[-2,23]],[[3779,3509],[38,0],[29,-25],[8,-18],[-20,-21],[11,-19],[27,-10],[5,-32]],[[3877,3384],[-281,2],[-48,2],[-109,0],[-296,3],[-52,3],[-330,5]],[[2761,3399],[-38,28],[-24,32],[-34,21],[-18,19],[0,16],[-9,12],[6,11],[-10,6],[-12,53],[-23,28],[-41,14],[-11,0],[-21,30],[-3,16],[-25,25],[-14,36],[-40,46],[-24,11],[-15,22],[-37,17],[-21,16],[-39,13],[-20,13],[-17,32],[-41,27],[4,38],[-14,18],[6,27],[-10,20],[-3,27],[-11,22],[4,7],[-18,41],[7,6],[-17,24],[27,1],[-4,40],[-19,0],[-24,20],[13,7],[7,25],[14,7],[7,20],[13,-2],[39,-35],[24,10],[34,48],[11,27],[7,32],[2,33],[19,64],[-19,44],[6,9]],[[6058,3400],[-239,0],[-93,-2],[-124,1],[-37,-4],[-256,-2],[-140,-3],[-115,0],[-117,-2],[-231,-1],[-160,0]],[[4546,3387],[0,365],[8,0],[-1,139],[50,0],[2,140],[-53,0],[0,92],[-48,-1]],[[4546,3387],[-240,-2],[-216,0],[-4,-1],[-187,0]],[[3899,3384],[-22,0]],[[9707,1737],[-431,-25],[-458,-25],[4,-45],[-210,-9],[-680,-28],[-450,-15],[-290,-9],[1,-31],[-73,-4],[-33,1],[-42,-2],[-152,-3],[0,14],[-152,-4],[-2,16],[-183,-5],[2,-46],[-53,-20],[2,-48],[-47,-2],[2,-38],[-20,0],[4,-19]],[[6446,1390],[-28,21],[-29,15],[-58,41]],[[6331,1467],[-19,32],[15,27],[18,3],[-2,17],[38,0],[79,283],[-23,234],[-3,50],[-4,0],[-10,279]],[[6420,2392],[35,1],[-4,183],[-3,77],[-16,519],[-2,89],[18,1],[-2,31],[-33,-1],[-2,32],[17,0],[-3,92]],[[8383,3492],[262,-200],[322,-244],[169,-128],[131,-98],[175,-136],[7,-19],[-5,-16],[7,-24],[-4,-54],[2,-21],[14,-15],[38,-23],[21,-47],[23,-28],[33,-25],[47,-24],[11,-27],[12,-21],[-7,-10],[19,-14],[4,-21],[16,-11],[-13,-15],[16,-17],[19,-11],[26,-40],[4,-24],[0,-33],[-5,-16],[15,-13],[39,5],[9,-13],[26,-10],[12,-19],[26,-6],[37,-32],[31,-7],[25,-11],[26,-35],[16,-12],[8,-45],[-31,-1],[-2,-11],[-42,-41],[-12,-9],[-5,-19],[-25,-15],[-31,-6],[-37,-38],[-22,-2],[-20,-19],[-21,-9],[-19,0],[-23,-25]],[[3899,3384],[-2,-183],[107,-1],[0,-92],[16,-1],[1,-14],[16,-1],[2,-15],[16,0],[0,-14],[17,0],[2,-16],[16,1],[1,-33],[116,0],[1,-93],[70,1],[0,-91],[142,-2],[2,-92],[111,5],[-7,-95],[72,4],[1,-17],[16,0],[0,-187]],[[4615,2448],[-63,0],[-48,30],[-28,23],[-32,8],[-21,15],[-33,5],[-19,-5],[-26,1],[-36,19],[-6,-4],[-20,13],[-23,7],[-24,28],[-26,7],[-21,-5],[-24,25],[-30,-4],[-24,4],[-28,13],[-7,9],[-44,13],[-25,16],[2,7],[-21,0],[-26,-19],[-14,0],[2,-13],[-26,-7],[-18,-25],[2,-14],[-26,-17],[-29,-1],[-12,6],[-35,-13],[-17,-1],[-10,-9],[-10,14],[-12,-21],[19,-28],[16,-9],[-6,-11],[13,-18],[-6,-28],[-14,-6],[-10,20],[-68,46],[-13,5],[-37,25],[-26,1],[-62,-13],[-27,-8],[-19,2],[-14,-12],[-16,8],[-30,-14],[-16,16]],[[3441,2529],[15,44],[7,47],[0,34],[-5,31],[-14,25],[-26,8],[-25,19],[-37,7],[-30,-17],[-20,17],[-29,12],[-40,21],[-38,40],[1,28],[15,17],[15,45],[4,37],[5,-4],[-3,-41],[-6,-11],[25,9],[-2,10],[15,5],[-14,5],[-13,29],[-8,4],[-3,22],[-17,39],[-22,18],[-42,-1],[-19,13],[-36,2],[-26,30],[-28,22],[-33,33],[-32,56],[-17,13],[-22,32],[-22,7],[-5,-7],[-27,18],[-21,0],[-27,15],[-16,-2],[-7,34],[-21,18],[-1,45],[-13,28],[-15,14]],[[6420,2392],[-168,-5],[-312,-8],[-100,-2],[-203,-5],[-110,-1],[-97,0],[-130,-3],[-103,0],[12,-31]],[[5209,2337],[-96,0],[0,23],[-269,0],[0,45],[-33,1],[0,23],[-105,-1],[-1,20],[-58,0]],[[4647,2448],[-32,0]],[[5077,947],[-7,-3],[-11,16],[19,6],[-1,-19]],[[4035,1540],[12,-1],[-7,-23],[8,-21],[31,-15],[33,1],[7,-41],[-23,1],[-24,-7],[-35,-23],[-45,-7],[-23,-13],[-60,32],[-42,63],[-27,15],[12,9],[30,-3],[43,5],[16,15],[54,-6],[21,5],[19,14]],[[3727,1557],[31,-5],[17,-10],[6,-18],[-42,-2],[-15,-8],[-49,21],[-17,-9],[-25,7],[34,30],[17,-8],[42,24],[1,-22]],[[4187,1579],[49,-3],[38,-18],[48,1],[10,4],[28,-13],[23,-4],[24,-22],[33,-3],[23,-5],[25,15],[0,13],[23,14],[19,1],[45,-21],[-23,-16],[-12,-22],[-35,-9],[-63,-3],[-54,-20],[-14,-10],[-24,5],[-23,-6],[-42,5],[-11,-4],[-17,11],[-14,-2],[-24,14],[-14,28],[10,25],[-45,34],[2,16],[15,-5]],[[4647,2448],[0,-120],[2,-331],[3,-30],[-12,-25],[9,-12],[-34,-29],[2,-6]],[[4617,1895],[-61,24],[-30,20],[-9,-4],[-42,10],[-68,-8],[-24,-19],[-19,0],[-58,21],[-50,0],[-8,-9],[-34,-1],[-15,14],[-31,14],[-35,2],[-22,13],[-36,14],[-22,3],[-51,-5],[-47,14],[-31,-2],[-57,1],[-14,-3],[-55,3],[-46,-13],[-66,-3],[-24,-6],[-16,2],[-12,-9],[-17,5],[-9,36],[-15,13],[-16,31],[-29,17],[-14,2],[-26,16],[-44,-2],[-15,11],[-6,16],[7,27],[20,44],[19,55],[-17,37],[-19,22],[14,36],[14,54],[-2,21],[-28,22],[-8,21],[-21,3],[4,27],[15,47]],[[4566,749],[40,-18],[37,-11],[23,-25],[12,-4],[-14,-9],[-36,-6],[-71,19],[-22,15],[-14,32],[18,-7],[27,14]],[[5155,1553],[-53,23],[-12,1],[-26,15],[-23,3],[-33,17],[-23,-8],[-18,6],[-72,45],[-13,0],[-22,33],[-31,63],[0,14],[-20,25],[-26,2],[-28,19],[-9,12],[-26,18],[-14,-5],[-43,41],[-13,0],[-15,17],[-18,1]],[[5209,2337],[96,-201],[98,-201],[63,-130],[0,-42],[-35,-1],[0,-75],[-119,-2],[-152,-101],[-5,-31]],[[5534,490],[14,5],[12,-11],[5,-18],[10,-3],[10,-23],[22,-20],[36,-40],[17,-8],[18,-18],[85,-60],[19,-20],[-5,-4],[-37,7],[-14,-13],[-19,-7],[-26,14],[-25,22],[-27,11],[-11,31],[-30,27],[-19,49],[-16,14],[-19,46],[-15,4],[-2,18],[17,-3]],[[5510,961],[54,-4],[12,3],[46,-36],[15,8],[35,-20],[20,-1],[39,-10],[23,-12],[-2,-16],[37,-34],[9,-15],[12,-6],[9,-31],[-23,-9],[-28,14],[-21,6],[-36,0],[-11,-3],[-36,3],[-16,13],[-18,25],[9,33],[-9,31],[-23,12],[-47,2],[-16,7],[-34,40]],[[5896,1263],[-25,-11],[7,-23],[-20,-12],[-1,13],[18,6],[-6,15],[-6,-17],[-15,-12],[-8,19],[17,21],[33,10],[6,-9]],[[6331,1467],[-185,-4],[-8,-3],[0,-43],[-34,-24],[0,-8],[-18,0],[-30,-28],[-3,-29],[-21,-16],[-14,-30],[7,-19],[-23,-13]],[[6002,1250],[-8,16],[-8,-9],[-50,11],[-9,-12],[4,-20],[-20,5],[13,7],[-25,1],[-9,26],[-27,-8],[-16,-12],[-12,4],[8,-43],[-13,-11],[-32,8],[-35,13],[-11,11],[-24,5],[-14,-7],[-12,4],[-19,37],[34,31],[3,37],[-11,10],[-9,30],[-35,65],[-26,40],[-35,38],[-42,25],[-29,1],[-64,-6],[-28,4],[-22,-9],[-58,1],[-42,-12],[-24,-23],[-12,13],[-36,23],[-40,3],[-35,8],[-17,-2]],[[9557,1043],[-208,-12],[-297,-15],[-424,-22],[-292,-13],[-54,-2],[-205,-9]],[[8077,970],[-26,-3],[-101,0],[-281,-12],[-161,-3],[-192,-7],[-79,-1],[-124,-4],[0,4],[-117,-3],[-98,-2],[0,16],[-134,43],[5,14],[-147,-2]],[[6622,1010],[7,15],[-7,15],[93,133],[-61,45],[-65,7],[-2,49],[-45,9],[-84,94],[-12,0],[0,13]],[[9707,1737],[-3,-37],[5,-16],[-5,-21],[-26,-15],[10,-7],[-22,-19],[-16,-22],[-23,-6],[-12,-23],[31,-32],[-15,-13],[21,-16],[-11,-19],[-16,-2],[14,-33],[-8,-12],[10,-15],[19,-47],[-7,-20],[16,-16],[0,-26],[-26,-11],[-7,-16],[19,-12],[-17,-6],[10,-19],[-7,-7],[11,-18],[-18,-21],[0,-12],[19,-28],[-35,-24],[0,-15],[-31,-22],[-5,-15],[-23,-31],[-2,-20]],[[6622,1010],[4,-38],[-30,-15],[-42,-4],[-14,-70]],[[6540,883],[-14,20],[-45,39],[-35,17],[-30,-1],[-13,23],[-60,61],[-21,3],[-37,30],[-38,19],[-12,16],[-14,0],[-25,11],[2,-12],[42,-8],[3,-6],[-50,12],[-9,13],[-64,36],[-31,23],[-33,33],[-35,31],[-19,7]],[[6947,256],[4,-14],[-18,2],[12,21],[2,-9]],[[8077,970],[11,-196],[9,-174],[-23,-1],[21,-359],[-7,-8],[5,-111]],[[8093,121],[-87,-12],[-439,-51],[-122,-13],[-33,-5],[-136,-15],[-100,-12],[-126,-13],[-10,32],[-2,45],[-19,41],[-35,36],[-14,6],[-30,-1],[9,23],[21,5],[5,-8],[25,-8],[14,-23],[-4,-12],[16,-15],[7,-20],[10,-11],[-5,-8],[14,-20],[23,0],[-2,28],[-23,28],[0,28],[-61,40],[4,13],[-42,1],[-7,-12],[-13,2],[-5,-21],[4,-28],[-7,-7],[-14,34],[-2,49],[16,25],[26,-4],[5,7],[0,27],[-24,-4],[-4,-15],[-12,13],[2,-15],[-7,-19],[-7,43],[-21,21],[-4,23],[18,7],[12,29],[-9,55],[-24,86],[-18,26],[-33,83],[-19,31],[-51,58],[-12,9],[-45,59],[-35,39],[-32,30],[-66,45],[-23,7]],[[9557,1043],[-7,-15],[-17,-11],[-35,3],[-18,-11],[-19,-3],[16,-21],[12,-25],[0,-26],[-7,-13],[-23,-25],[11,-15],[38,-8],[16,-19],[-17,-13],[17,-29],[-5,-16],[5,-15],[-2,-32],[-15,-29],[-9,-33],[3,-15],[18,-3],[2,-12],[14,-14],[3,-18],[14,-7],[12,18],[28,-23],[33,2],[13,10],[38,0],[24,-7],[16,-22],[7,-30],[21,1],[9,-11],[-11,-28],[2,-13],[16,-15],[0,-69],[-25,-25],[-17,-7],[-19,-28],[7,-36],[-12,-8],[-25,-1],[-17,-17],[-34,-1],[-1,-7],[-77,6],[-12,8],[-16,-30],[-407,-47],[-308,-35],[-361,-43],[-343,-39]]],"transform":{"scale":[0.03987304749495848,-0.04600460046004601],"translate":[100.65469904895505,480]}}